Date,Open,High,Low,Close,Volume
40434,37.974285,38.325714,37.965714,38.148571,97195000
40435,38.029999,38.452858,37.931427,38.294285,102037600
40436,38.310001,38.625713,38.262856,38.602856,107342200
40437,38.605713,39.524284,38.5,39.509998,163025800
40438,39.669998,39.708572,39.097141,39.33857,158619300
40441,39.439999,40.540001,39.407143,40.46143,164669400
40442,40.55143,41.049999,40.398571,40.53857,167018600
40443,40.387142,41.139999,40.344284,41.107143,146322400
40444,40.904285,41.822857,40.857143,41.274284,196529200
40445,41.728573,41.932858,41.507141,41.759998,162372000
40448,41.997143,42.104286,41.572857,41.594284,120708700
40449,41.681427,41.681427,39.285713,40.98,258760600
40450,41.032856,41.401428,40.857143,41.052856,117411000
40451,41.285713,41.42857,40.17857,40.535713,168347900
40452,40.878571,40.939999,40.192856,40.360001,112035700
40455,40.228573,40.414288,39.681427,39.805714,108825500
40456,40.285713,41.349998,40.259998,41.277142,125491800
40457,41.369999,41.712856,40.751427,41.312859,167717200
40458,41.477142,41.497143,40.987144,41.317142,102099900
40459,41.672855,42.07143,41.42857,42.009998,164600800
40462,42.105713,42.462856,42.085712,42.194286,106938300
40463,42.201427,42.785713,41.784286,42.648571,139636000
40464,42.885715,43.137142,42.828571,42.877144,157523100
40465,43.098572,43.209999,42.914288,43.187141,108824100
40466,43.919998,45,43.558571,44.962856,230548500
40469,45.495716,45.57143,44.898571,45.42857,273252700
40470,43.342857,44.824287,42.860001,44.212856,308196000
40471,44.142857,44.892857,43.83857,44.361427,180406100
40472,44.622856,44.962856,43.828571,44.217144,137865000
40473,44.152859,44.291428,43.757141,43.924286,93194500
40476,44.155716,44.514286,44.062859,44.119999,98115500
40477,43.83857,44.248573,43.664288,44.007141,98232400
40478,43.950001,44.271427,43.657143,43.975716,99750700
40479,43.992859,44,42.985714,43.605713,137762800
40480,43.46143,43.697144,42.98143,42.997143,107627800
40483,43.174286,43.657143,43.171429,43.454285,105972300
40484,43.857143,44.312859,43.857143,44.194286,108482500
40485,44.48143,44.697144,44.075714,44.685715,127087100
40486,45.064285,45.740002,45.004284,45.467144,160622000
40487,45.427143,45.652859,45.25,45.304287,90313300
40490,45.314285,45.681427,45.251427,45.517143,70439600
40491,45.864285,45.900002,44.92857,45.154285,95886000
40492,45.234287,45.53857,44.792858,45.432858,96056800
40493,45,45.485714,44.892857,45.235714,90321000
40494,45.142857,45.214287,43.375713,44.004284,198961700
40497,44.065716,44.362858,43.752857,43.862858,100901500
40498,43.674286,43.942856,42.759998,43.084286,164412500
40499,43.028572,43.427143,42.537144,42.92857,119862400
40500,43.599998,44.238571,43.527142,44.061428,123622800
40501,43.995716,44.057144,43.605713,43.818573,96210800
40504,43.811428,44.765713,43.695713,44.765713,98268800
40505,44.349998,44.535713,43.794285,44.104286,129861900
40506,44.57143,45.057144,44.535713,44.971428,103431300
40508,44.82,45.385715,44.705715,45,59396400
40511,45.07143,45.354286,44.482857,45.267143,111446300
40512,44.791428,44.908573,44.41,44.450001,125464500
40513,45.03857,45.392857,45,45.200001,115437700
40514,45.361427,45.57143,44.984287,45.450001,115709300
40515,45.287144,45.521427,45.191429,45.348572,85523200
40518,45.52,46.047142,45.488571,45.735714,112120400
40519,46.257141,46.284286,45.445713,45.458572,97863500
40520,45.66143,45.860001,45.30143,45.85857,80483900
40521,46.01857,46.07143,45.574287,45.68,73537800
40522,45.664288,45.864285,45.514286,45.794285,65627800
40525,46.33857,46.437141,45.857143,45.952858,109953900
40526,45.96143,46.077145,45.57143,45.755714,87752000
40527,45.714287,46.142857,45.598572,45.765713,104328000
40528,45.869999,46.087143,45.728573,45.892857,80507700
40529,45.947144,45.970001,45.747143,45.80143,96732300
40532,45.942856,46.17857,45.46143,46.029999,96402600
40533,46.142857,46.341427,46.007141,46.314285,64088500
40534,46.337143,46.531429,46.221428,46.451427,66480400
40535,46.42857,46.450001,46.167141,46.228573,55789300
40539,46.121429,46.491428,45.931427,46.382858,62454000
40540,46.558571,46.665714,46.437141,46.495716,43981000
40541,46.602856,46.635715,46.442856,46.470001,40784800
40542,46.497143,46.501427,46.150002,46.237144,39373600
40543,46.135715,46.21143,45.901428,46.080002,48377000
40546,46.52,47.18,46.405716,47.081429,111284600
40547,47.491428,47.5,46.878571,47.327145,77270200
40548,47.078571,47.762856,47.07143,47.714287,63879900
40549,47.817142,47.892857,47.557144,47.675713,75107200
40550,47.712856,48.049999,47.414288,48.017143,77982800
40553,48.404285,49.032856,48.167141,48.921429,112140000
40554,49.26857,49.279999,48.495716,48.805714,111027000
40555,49.035713,49.204285,48.857143,49.202858,75647600
40556,49.308571,49.52,49.121429,49.382858,74195100
40557,49.412857,49.782856,49.205715,49.782856,77210000
40561,47.074287,49.251427,46.57143,48.664288,470249500
40562,49.764286,49.799999,48.125713,48.405716,283903200
40563,48.061428,48.328571,47.16,47.525715,191197300
40564,47.681427,47.84,46.66143,46.674286,188600300
40567,46.695713,48.207142,46.674286,48.207142,143670800
40568,48.047142,48.777142,47.795715,48.771427,136717000
40569,48.994286,49.371429,48.785713,49.121429,126718900
40570,49.111427,49.241428,48.975716,49.029999,71256500
40571,49.167141,49.200001,47.647144,48.014286,148014300
40574,47.971428,48.577145,47.757141,48.474285,94311700
40575,48.757141,49.378571,48.71143,49.290001,106658300
40576,49.207142,49.32143,49.078571,49.188572,64738800
40577,49.114285,49.177143,48.364285,49.062859,98449400
40578,49.091427,49.528572,49.072857,49.5,80460100
40581,49.69857,50.464287,49.662857,50.26857,121255400
40582,50.525715,50.78857,50.307144,50.742859,95260200
40583,50.741428,51.285713,50.695713,51.165714,120686300
40584,51.055714,51.42857,49.714287,50.648571,232137500
40585,50.67857,51.114285,50.505714,50.978573,91893200
40588,50.970001,51.354286,50.958572,51.311428,77604100
40589,51.312859,51.424286,51.078571,51.414288,71043700
40590,51.542858,52.128571,51.5,51.875713,120289400
40591,51.035713,51.467144,50.931427,51.185715,132645800
40592,51.244286,51.357143,49.931427,50.080002,204014300
40596,48.878571,49.342857,48.245716,48.372856,218138900
40597,48.395714,49.234287,48.372856,48.945713,167963600
40598,49.145714,49.307144,48.33857,48.982857,124975200
40599,49.322857,49.775715,49.257141,49.737144,95004700
40602,50.177143,50.721428,50.16,50.458572,100768500
40603,50.781429,50.817142,49.668571,49.901428,114034200
40604,49.994286,50.621429,49.771427,50.302856,150647700
40605,51.027142,51.398571,50.845715,51.365715,125197100
40606,51.438572,51.470001,51.107143,51.42857,113316700
40609,51.628571,51.667141,50.187141,50.765713,136530800
40610,50.701427,51.057144,50.32143,50.822857,89079200
40611,50.669998,50.68,50.085712,50.352856,113326500
40612,49.874287,49.967144,49.271427,49.524284,126884800
40613,49.332859,50.331429,49.285713,50.284286,117770100
40616,50.454285,50.925713,50.187141,50.508572,108989300
40617,48.871429,49.691429,48.585712,49.347141,180270300
40618,48.857143,49,46.60857,47.144287,290502800
40619,48.118572,48.515713,47.237144,47.805714,164855600
40620,48.16143,48.314285,47.142857,47.238571,188303500
40623,47.998573,48.534286,47.894287,48.471428,102350500
40624,48.937141,48.945713,48.44857,48.742859,81480700
40625,48.468571,48.602856,47.992859,48.455715,93249100
40626,48.835712,49.42857,48.408573,49.281429,101178000
40627,49.724285,50.294285,49.574287,50.220001,112227500
40630,50.450001,50.617142,50.062859,50.062859,77338800
40631,49.665714,50.137142,49.437141,50.137142,88225200
40632,50.091427,50.125713,49.634285,49.804287,82351500
40633,49.48,49.971428,49.437141,49.787144,68504800
40634,50.158573,50.227142,49.042858,49.222858,104665400
40637,49.187141,49.228573,48.342857,48.741428,115021200
40638,48.14143,48.892857,48,48.412857,120682800
40639,48.745716,49.128571,48.162857,48.291428,100634800
40640,48.299999,48.632858,48.004284,48.297142,93361800
40641,48.560001,48.592857,47.707142,47.865715,94383800
40644,47.722858,47.952858,47.145714,47.257141,99736700
40645,47.212856,47.675713,47.171429,47.485714,106409800
40646,47.860001,48.02,47.502857,48.01857,86555000
40647,47.828571,48,47.437141,47.488571,75450200
40648,47.614285,47.662857,46.685715,46.779999,113401400
40651,46.585712,47.46143,45.737144,47.407143,152474700
40652,47.585712,48.282856,47.387142,48.265713,104844600
40653,49.072857,49.392857,48.785713,48.915714,175166600
40654,50.714287,50.732857,49.78857,50.099998,188452600
40658,50.048573,50.535713,50.042858,50.43,66636500
40659,50.517143,50.712856,49.907143,50.060001,84700000
40660,50.32,50.335712,49.585712,50.021427,89053300
40661,49.455715,49.964287,49.360001,49.535713,90239800
40662,49.540001,50.564285,49.524284,50.01857,251586300
40665,49.962856,50.067142,49.357143,49.468571,110678400
40666,49.712856,49.984287,49.374287,49.742859,78337000
40667,49.751427,50.261429,49.554287,49.938572,97312600
40668,49.771427,50.135715,49.435715,49.535713,83992300
40669,49.955715,50,49.458572,49.522858,70033600
40672,49.694286,49.885715,49.504284,49.657143,51186800
40673,49.841427,49.955715,49.522858,49.921429,70522900
40674,49.860001,50,49.32,49.604286,84000000
40675,49.445713,49.58857,48.895714,49.509998,80500000
40676,49.380001,49.464287,48.621429,48.642857,81529000
40679,48.457142,48.745716,47.514286,47.614285,112443800
40680,47.42857,48.02,47.247143,48.02,113083600
40681,48.067142,48.721428,48,48.552856,83694100
40682,48.868572,48.915714,48.381428,48.647144,65292500
40683,48.508572,48.707142,47.860001,47.888573,84492100
40686,47.138573,47.997143,47.060001,47.771427,95900000
40687,47.92857,47.985714,47.334286,47.455715,80481800
40688,47.632858,48.365715,47.549999,48.111427,73556000
40689,47.995716,48.127144,47.775715,47.857143,55640200
40690,47.828571,48.232857,47.758572,48.201427,50899800
40694,48.728573,49.689999,48.714287,49.689999,104438600
40695,49.83857,50.304287,49.235714,49.35857,138670700
40696,49.5,49.71143,49.185715,49.442856,84695800
40697,49.025715,49.332859,48.85857,49.062859,78312500
40700,49.385715,49.578571,48.258572,48.291428,115485300
40701,48.310001,48.317142,47.414288,47.434284,132446300
40702,47.397144,47.828571,47.235714,47.462856,83430900
40703,47.607143,47.667141,47.25,47.355713,68772200
40704,47.221428,47.380001,46.501427,46.557144,108488800
40707,46.742859,46.901428,46.438572,46.657143,82368300
40708,47.142857,47.607143,47.044285,47.491428,83642300
40709,47.107143,47.185715,46.41143,46.67857,99799000
40710,46.700001,46.954285,45.475716,46.451427,127647800
40711,46.998573,47.035713,45.622856,45.751427,153755000
40714,45.337143,45.385715,44.357143,45.045715,160161400
40715,45.240002,46.542858,45.028572,46.471428,123345600
40716,46.451427,46.985714,46.054287,46.087143,97645800
40717,45.562859,47.384285,45.445713,47.318573,139939800
40718,47.33857,47.592857,46.441429,46.621429,109951800
40721,46.798573,47.700001,46.75,47.434284,84953400
40722,47.664288,48.099998,47.634285,47.894287,73574900
40723,48.005714,48.052856,47.41143,47.720001,88136300
40724,47.814285,48.01857,47.548573,47.952858,80738700
40725,47.992859,49.07143,47.742859,49.037144,108828300
40729,49,49.975716,48.92857,49.918571,88763500
40730,49.849998,50.585712,49.529999,50.251427,111156500
40731,50.667141,51.142857,50.57143,51.028572,99915900
40732,50.477142,51.42857,50.314285,51.387142,122408300
40735,50.905716,51.395714,50.402859,50.57143,110668600
40736,50.504284,51.097141,49.802856,50.535713,112902300
40737,51.189999,51.42857,50.91143,51.145714,97909700
40738,51.572857,51.658573,50.905716,51.110001,107633400
40739,51.595715,52.142857,51.310001,52.131428,121116800
40742,52.204285,53.521427,52.182858,53.400002,143163300
40743,54,54.092857,53.331429,53.835712,204786400
40744,56.58857,56.610001,55.142857,55.271427,235335100
40745,55.278572,55.722858,54.842857,55.327145,131633600
40746,55.474285,56.435715,55.392857,56.185715,129182200
40749,55.764286,57.142857,55.66,56.92857,147451500
40750,57.142857,57.785713,57.097141,57.630001,119145600
40751,57.227142,57.52,56.021427,56.084286,164831100
40752,55.945713,56.712856,55.447144,55.974285,148508500
40753,55.377144,56.450001,54.857143,55.782856,158146100
40756,56.825714,57.07143,56.052856,56.67857,153209000
40757,56.807144,56.842857,55.478573,55.558571,159884900
40758,55.854286,56.221428,54.605713,56.081429,183127000
40759,55.630001,55.902859,53.907143,53.91,217851900
40760,54.348572,54.785713,51.795715,53.374287,301147700
40763,51.669998,52.53857,50.431427,50.458572,285958400
40764,51.614285,53.515713,50.714287,53.43,270645900
40765,53.021427,53.521427,51.785713,51.955715,219664200
40766,52.931427,53.635715,52.102856,53.385715,185492300
40767,54.009998,54.234287,53.46143,53.855713,132244000
40770,54.232857,54.995716,54.012856,54.772858,115136000
40771,54.502857,54.767143,53.722858,54.354286,124687500
40772,54.615715,54.931427,54,54.348572,110515300
40773,52.977142,53.235714,51.624287,52.292858,212858800
40774,51.738571,52.42857,50.857143,50.861427,193972100
40777,52.072857,52.125713,50.727142,50.919998,133828800
40778,51.471428,53.377144,51,53.371429,164208800
40779,53.352856,54.137142,52.942856,53.740002,156566900
40780,52.154285,53.635715,52.142857,53.388573,217836500
40781,53.024284,54.828571,52.971428,54.797142,160369300
40784,55.454285,55.92857,55.42857,55.709999,101317300
40785,55.464287,55.977142,55.172855,55.712856,104480600
40786,55.795715,56.011429,54.55143,54.975716,130646600
40787,55.117142,55.334286,54.388573,54.432858,85931300
40788,53.534286,54,53.118572,53.435715,109734800
40792,52.48143,54.332859,52.354286,54.248573,127424500
40793,55.080002,55.085712,54.57143,54.847141,87644200
40794,54.628571,55.515713,54.615715,54.877144,104039600
40795,54.847141,55.142857,53.574287,53.925713,141203300
40798,53.285713,54.41143,53.128571,54.277142,116958100
40799,54.591427,55.172855,54.32143,54.945713,110140100
40800,55.28857,56.029999,55.10857,55.614285,133681100
40801,55.918571,56.237144,55.700001,56.137142,104454700
40802,56.505714,57.214287,56.432858,57.214287,174628300
40805,56.714287,59.032856,56.457142,58.804287,205965200
40806,59.32143,60.408573,58.741428,59.064285,193938500
40807,59.94857,60.227142,58.857143,58.877144,151494000
40808,57.290001,58.545715,56.671429,57.402859,242120200
40809,57.182858,58.105713,57.121429,57.757141,136569300
40812,57.122856,57.71143,55.900002,57.595715,203219100
40813,58.389999,58.464287,56.865715,57.037144,158124400
40814,57.169998,57.677143,56.644287,56.715714,107409400
40815,57.417141,57.458572,55.172855,55.795715,162771700
40816,55.302856,55.555714,54.454285,54.474285,136910200
40819,54.33857,54.662857,53.310001,53.514286,167274800
40820,53.509998,54.542858,50.605713,53.214287,308419300
40821,52.55143,54.259998,51.471428,54.035713,196617400
40822,53.332859,54.968571,53.114285,53.91,203145600
40823,53.682858,53.962856,52.64143,52.828571,133864500
40826,54.155716,55.544285,54.029999,55.544285,110628700
40827,56.081429,57.597141,55.92857,57.184284,151421900
40828,58.191429,58.464287,57.162857,57.455715,155571500
40829,57.854286,58.347141,57.549999,58.347141,106546300
40830,59.547142,60.285713,59.324287,60.285713,143341800
40833,60.248573,60.957142,59.419998,59.998573,171511200
40834,60.251427,60.687141,59.427143,60.32,220400600
40835,57.335712,58.345715,56.828571,56.945713,276014900
40836,57.142857,57.192856,56.315716,56.472858,137317600
40837,56.871429,57.02,55.82143,56.124287,155311100
40840,56.597141,58.07143,56.485714,57.967144,125534500
40841,57.861427,58.078571,56.76857,56.824287,107606800
40842,57.394287,57.507141,56.164288,57.228573,114076200
40843,58.222858,58.42857,57.412857,57.812859,123666200
40844,57.57143,58.049999,57.501427,57.849998,80710700
40847,57.488571,58.475716,57.292858,57.825714,96375300
40848,56.772858,57.07143,56.174286,56.644287,132947500
40849,57.155716,57.205715,56.444286,56.772858,81837700
40850,57.009998,57.628571,56.48,57.581429,110346600
40851,57.432858,57.634285,57.022858,57.177143,75557300
40854,57.130001,57.142857,56.59,57.104286,67568900
40855,57.458572,58.285713,57.365715,58.032856,100110500
40856,56.709999,57.27,56.318573,56.468571,139671000
40857,56.718571,56.744286,54.592857,55.031429,186188100
40858,55.23,55.528572,54.322857,54.945713,163446500
40861,54.78857,55.035713,54.028572,54.18,108226300
40862,54.400002,55.642857,54.207142,55.547142,107702700
40863,55.607143,55.877144,54.902859,54.967144,87302600
40864,54.854286,54.939999,53.642857,53.915714,119975100
40865,54.131428,54.284286,53.554287,53.562859,92984500
40868,52.914288,53.097141,52.272858,52.715714,111995100
40869,53.002857,53.990002,52.991428,53.787144,102255300
40870,53.501427,53.691429,52.41143,52.427143,107067800
40872,52.631428,53.021427,51.902859,51.938572,63690200
40875,53.192856,53.817142,52.904285,53.73143,86603300
40876,53.691429,54.118572,52.885715,53.314285,93963800
40877,54.470001,54.611427,54.042858,54.599998,101484600
40878,54.648571,55.57143,54.392857,55.418571,96795300
40879,55.689999,56.232857,55.511429,55.671429,94763900
40882,56.212856,56.630001,55.77,56.144287,89302500
40883,56.072857,56.375713,55.625713,55.849998,70899500
40884,55.704285,55.848572,55.251427,55.584286,76186600
40885,55.921429,56.5,55.747143,55.808571,94089100
40886,56.121429,56.291428,55.861427,56.23143,74248300
40889,55.954285,56.271427,55.635715,55.977142,75266800
40890,56.142857,56.485714,55.299999,55.544285,84732200
40891,55.242859,55.34,53.954285,54.312859,101721900
40892,54.761429,54.82,54.044285,54.134285,64050000
40893,54.337143,54.878571,54.224285,54.431427,105369600
40896,54.638573,54.978573,54.354286,54.601429,58882600
40897,55.394287,56.585712,55.322857,56.564285,84303800
40898,56.669998,56.757141,56.001427,56.635715,65737000
40899,56.714287,57.01857,56.585712,56.935715,50589700
40900,57.098572,57.655716,57.07,57.618572,67349800
40904,57.585712,58.441429,57.574287,58.075714,66269000
40905,58.127144,58.32143,57.334286,57.52,57165500
40906,57.628571,57.950001,57.215714,57.874287,53994500
40907,57.644287,58.040001,57.64143,57.857143,44915500
40911,58.485714,58.92857,58.42857,58.747143,75555200
40912,58.57143,59.240002,58.468571,59.062859,65005500
40913,59.278572,59.792858,58.952858,59.718571,67817400
40914,59.967144,60.392857,59.888573,60.342857,79573200
40917,60.785713,61.107143,60.192856,60.247143,98506100
40918,60.844284,60.857143,60.214287,60.462856,64549100
40919,60.382858,60.407143,59.901428,60.364285,53771200
40920,60.325714,60.414288,59.82143,60.19857,53146800
40921,59.957142,60.064285,59.808571,59.972858,56505400
40925,60.599998,60.855713,60.422855,60.671429,60724300
40926,60.994286,61.352856,60.900002,61.30143,69197800
40927,61.450001,61.624287,60.93,61.107143,65434600
40928,61.07,61.07143,59.964287,60.042858,103493600
40931,60.381428,61.207142,60.328571,61.058571,76515600
40932,60.728573,60.728573,59.935715,60.058571,136909500
40933,64.919998,64.921425,63.389999,63.808571,239578500
40934,64.05143,64.112854,63.305714,63.51857,80996300
40935,63.477142,64.068573,63.395714,63.897144,74927300
40938,63.672855,64.842857,63.627144,64.715714,94835300
40939,65.084282,65.46286,64.724289,65.211426,97920900
40940,65.487144,65.57,65.078575,65.169998,67511500
40941,65.128571,65.309998,64.854286,65.017143,46699100
40942,65.328575,65.714287,65.080002,65.668571,71649900
40945,65.482857,66.425713,65.457146,66.281425,62353200
40946,66.464287,67.10714,66.368568,66.975716,79055900
40947,67.214287,68.112854,67.099998,68.097145,101972500
40948,68.68,70.964287,68.651428,70.452858,221053700
40949,70.137146,71.08857,69.792854,70.488571,157825500
40952,71.361427,71.975716,71.012856,71.800003,129304000
40953,72.094284,72.794289,71.714287,72.779999,115099600
40954,73.465714,75.184288,70.984283,71.095711,376530000
40955,70.214287,72.127144,69.51857,71.744286,236138000
40956,71.872856,72.538574,71.471428,71.73143,133951300
40960,72.41143,73.550003,72.017143,73.550003,151398800
40961,73.297142,73.641426,72.724289,73.291428,120825600
40962,73.582855,73.975716,72.785713,73.769997,142006900
40963,74.238571,74.699997,74.091431,74.629997,103768000
40966,74.472855,75.5,73.754288,75.108574,136895500
40967,75.422859,76.487144,75.121429,76.487144,150096800
40968,77.365715,78.230003,76.528572,77.491432,238002800
40969,78.309998,78.315712,76.96714,77.781425,170817500
40970,77.748573,78.114288,77.502853,77.882858,107928100
40973,77.917145,78.211426,75.14286,76.165718,202281100
40974,74.808571,76.241432,73.745712,75.751427,202559700
40975,76.685715,76.825714,74.757141,75.812859,199630200
40976,76.384285,77.57,76.017143,77.427139,129114300
40977,77.744286,78.248573,77.587143,77.881432,104729800
40980,78.425713,78.85714,78.14286,78.85714,101820600
40981,79.648575,81.168571,79.39286,81.157143,172713800
40982,82.578575,84.959999,82.199997,84.225716,354711000
40983,85.658569,85.715714,82.650002,83.651428,289929500
40984,83.531425,84.171425,82.571426,83.652855,206371900
40987,85.48143,85.96714,84.150002,85.871429,225309000
40988,85.644287,86.699997,84.497147,86.565712,204165500
40989,86.105713,87.092857,85.915718,86.071426,161010500
40990,85.397141,86.35714,85.075714,85.620003,155967700
40991,85.784286,85.971428,84.914284,85.150002,107622200
40994,85.684288,86.735718,85.03714,86.711426,148935500
40995,86.597145,88.040001,86.580002,87.78286,151782400
40996,88.339996,88.778572,87.187141,88.23143,163865100
40997,87.540001,88.080002,86.747147,87.122856,152059600
40998,86.96714,87.222855,85.419998,85.650002,182759500
41001,85.975716,88.395714,85.76857,88.375717,149587900
41002,89.614288,90.315712,88.93,89.902855,208639900
41003,89.192856,89.408569,88.14286,89.187141,143245200
41004,89.568573,90.665718,89.057144,90.525711,160324500
41008,89.447144,91.405716,89.328575,90.889999,149384200
41009,91.418571,92,89.428574,89.777145,222431300
41010,90.885712,90.98143,89.048569,89.457146,174153700
41011,89.285713,90.190002,88.64286,88.96714,153584200
41012,89.158569,89.242859,86.215714,86.461426,214911200
41015,87.151428,87.182854,82.60714,82.875717,262696700
41016,82.705711,87.14286,81.701431,87.099998,256382000
41017,87.674286,88.60714,86.101425,86.905716,238632800
41018,85.745712,86.389999,83.502853,83.919998,208679800
41019,84.482857,84.945717,81.488571,81.854286,257746300
41022,81.515717,82.381432,79.517143,81.671425,241632300
41023,80.372856,81.098572,79.285713,80.040001,269037300
41024,87.94857,88.285713,86.571426,87.14286,226444400
41025,87.752853,87.812859,86.01857,86.814285,134017100
41026,86.438568,86.597145,85.785713,86.14286,101680600
41029,85.400002,85.485718,83.285713,83.425713,126536200
41030,83.557144,85.251427,83.03286,83.16143,152749800
41031,82.891426,83.914284,82.694283,83.711426,106847300
41032,84.35714,84.485718,82.900002,83.117142,97637400
41033,82.440002,82.622856,80.738571,80.75,132498100
41036,80.214287,81.824287,80.175713,81.354286,115029600
41037,81.368568,81.64286,79.818573,81.168571,124313000
41038,80.528572,81.997147,80.121429,81.311432,120176000
41039,82.082855,82.26857,81.205711,81.502853,83300000
41040,80.714287,82.067146,80.621429,80.958572,99886500
41043,80.367142,81.072861,79.657143,79.745712,88156600
41044,80.207146,80.459999,78.821426,79.024284,119084000
41045,79.150002,79.555717,77.291428,78.011429,140224000
41046,77.901428,78.214287,75.73143,75.73143,179305000
41047,76.279999,77.629997,74.597145,75.76857,183073100
41050,76.35714,80.220001,76.292854,80.182854,157776500
41051,81.364288,81.982857,78.940002,79.567146,173717600
41052,79.64286,81.828575,79.03286,81.508568,146224400
41053,82.267143,82.35714,80.175713,80.760002,124057500
41054,80.655716,80.835716,79.781425,80.327141,82126800
41058,81.557144,82,80.758568,81.752853,95127200
41059,81.314285,82.855713,80.937141,82.738571,132357400
41060,82.96286,83.071426,81.637146,82.53286,122918600
41061,81.308571,81.807144,80.074287,80.141426,130246900
41064,80.214287,81.071426,78.35714,80.612854,139248900
41065,80.181427,80.924286,79.761429,80.404289,97053600
41066,81.110001,81.978569,80.785713,81.637146,100363900
41067,82.470001,82.474289,81.5,81.674286,94941700
41068,81.657143,82.940002,81.285713,82.902855,86879100
41071,83.959999,84.071426,81.51857,81.595711,147816200
41072,82.065712,82.374283,80.957146,82.308571,108845100
41073,82.074287,82.639999,81.482857,81.737144,73395000
41074,81.605713,81.928574,81.03714,81.647141,86393300
41075,81.571426,82.08857,81.364288,82.01857,83813800
41078,81.565712,83.984283,81.48143,83.682854,110103000
41079,83.342857,84.285713,83.300003,83.915718,90351100
41080,84.029999,84.178574,82.971428,83.677139,89735800
41081,83.634285,84.031425,82.491432,82.524284,81587800
41082,82.720001,83.169998,82.202858,83.157143,71117900
41085,82.471428,82.828575,81.48143,81.538574,76095600
41086,81.618568,82.07,81.047142,81.718575,69134100
41087,82.14286,82.391426,81.702858,82.071426,50749300
41088,81.667145,82,80.80143,81.292854,70709100
41089,82.571426,83.428574,82.035713,83.428574,105375200
41092,83.53286,84.781425,83.371429,84.645714,100023000
41093,84.982857,85.714287,84.85714,85.629997,60428200
41095,85.794289,87.762856,85.664284,87.134285,121095800
41096,86.727142,86.919998,85.940002,86.554283,104732600
41099,86.471428,87.699997,86.30143,87.69857,94851400
41100,88.281425,88.552856,86.472855,86.887146,127989400
41101,86.58857,86.808571,85.317146,86.347145,117330500
41102,85.748573,86.209999,84.668571,85.557144,107010400
41103,86.135712,86.741432,85.714287,86.424286,77856800
41106,86.445717,87.374283,86.431427,86.701431,75315100
41107,87.255714,87.35714,86.164284,86.705711,73406200
41108,86.655716,86.905716,86.222855,86.608574,63175000
41109,87.325714,87.907143,86.571426,87.760002,109215400
41110,87.575714,87.777145,86.242859,86.328575,99367800
41113,84.914284,86.557144,83.958572,86.261429,121993900
41114,86.76857,87.097145,85.501427,85.845711,141283100
41115,82.065712,82.971428,81.428574,82.138573,219328200
41116,82.822861,82.914284,81.480003,82.125717,101658200
41117,82.144287,83.690002,81.655716,83.594284,100984100
41120,84.417145,85.634285,83.974289,85.004288,94785600
41121,86.175713,87.385712,86.102859,87.251427,115581900
41122,87.987144,88.057144,86.14286,86.687141,96125400
41123,86.120003,87.241432,85.75,86.827141,83039600
41124,87.66143,88.28286,87.365715,87.957146,86230200
41127,88.184288,89.267143,87.894287,88.935715,75525800
41128,88.96714,89.285713,88.291428,88.701431,72611700
41129,88.484283,89.125717,88.157143,88.55143,61176500
41130,88.264282,88.818573,88.257141,88.675713,55410600
41131,88.387146,88.822861,88.385712,88.814285,48734700
41134,89.055717,90,89.035713,90,69708100
41135,90.267143,91.230003,90.029999,90.241432,85042300
41136,90.185715,90.571426,89.678574,90.118568,64335600
41137,90.172859,90.965714,90.071426,90.905716,63633500
41138,91.428574,92.598572,91.258568,92.587143,110690300
41141,92.858574,95.021431,92.842857,95.021431,153346200
41142,95.831429,96.41143,92.904289,93.722855,203179900
41143,93.488571,95.571426,92.587143,95.552856,141330700
41144,95.158569,95.699997,94.449997,94.66143,105032200
41145,94.215714,95.639999,93.650002,94.745712,109335100
41148,97.141426,97.267143,96.220001,96.525711,106752100
41149,96.425713,96.585716,95.809998,96.400002,66854200
41150,96.464287,96.809998,96.085716,96.209999,50701700
41151,95.805717,95.935715,94.692856,94.83857,75674900
41152,95.321426,95.514282,93.89286,95.034286,84580300
41156,95.108574,96.44857,94.928574,96.424286,91973000
41157,96.510002,96.621429,95.657143,95.747147,84093800
41158,96.167145,96.898575,95.828575,96.610001,97799100
41159,96.864288,97.497147,96.538574,97.205711,82416600
41162,97.207146,97.612854,94.585716,94.677139,121999500
41163,95.015717,95.728569,93.785713,94.370003,125995800
41164,95.264282,95.699997,93.714287,95.684288,178058300
41165,96.767143,97.928574,96.395714,97.568573,149590000
41166,98.565712,99.568573,98.269997,98.754288,150118500
41169,99.907143,99.971428,99.230003,99.968575,99507800
41170,99.982857,100.332855,99.488571,100.272858,93375800
41171,100.03714,100.57,99.938568,100.300003,81718700
41172,99.879997,100.008568,99.08857,99.814285,84142100
41173,100.344284,100.724289,99.908569,100.012856,142897300
41176,98.122856,99.302856,97.571426,98.684288,159941600
41177,98.322861,98.968575,96.14286,96.220001,129697400
41178,95.534286,96.098572,94.457146,95.025711,144125800
41179,94.898575,97.452858,94.335716,97.331429,148522500
41180,96.964287,97.30143,95.25,95.300003,133777700
41183,95.879997,96.678574,93.785713,94.19857,135898700
41184,94.544289,95.192856,92.949997,94.472855,156998100
41185,94.980003,95.980003,94.66143,95.921425,106070300
41186,95.89286,96.321426,95.078575,95.257141,92681400
41187,95.028572,95.14286,93.040001,93.227142,148501500
41190,92.41143,92.508568,90.872856,91.167145,159498500
41191,91.235718,91.498573,89.078575,90.835716,209649300
41192,91.391426,92.139999,91,91.558571,127589000
41193,92.35714,92.457146,89.728569,89.728569,136520300
41194,89.937141,90.76857,89.328575,89.958572,115003700
41197,90.335716,90.732857,89.121429,90.68,108125500
41198,90.767143,92.900002,90.14286,92.827141,137442900
41199,92.695717,93.255714,92,92.087143,97259400
41200,91.370003,91.722855,90,90.377144,119156100
41201,90.150002,90.252853,87.08857,87.120003,186021500
41204,87.488571,90.76857,87.251427,90.575714,136682700
41205,90.14286,90.557144,87.385712,87.622856,176786400
41206,88.777145,89.507141,87.234283,88.118568,139631800
41207,88.571426,88.85714,86.507141,87.077141,164081400
41208,87.061432,87.714287,84.428574,86.285713,254608200
41213,84.982857,85.994286,83.957146,85.045715,127500800
41214,85.459999,86.14286,84.881432,85.220001,90324500
41215,85.127144,85.278572,82.10714,82.400002,149843400
41218,83.360001,83.96714,82.514282,83.517143,132283900
41219,84.318573,84.391426,82.870003,83.264282,93729300
41220,81.977142,82.077141,79.39286,79.714287,198412200
41221,80.089996,80.318573,76.470001,76.821426,264036500
41222,77.202858,79.26857,76.245712,78.151428,232478400
41225,79.164284,79.214287,76.949997,77.547142,128950500
41226,76.987144,78.639999,76.622856,77.557144,133237300
41227,77.928574,78.207146,76.597145,76.697144,119292600
41228,76.790001,77.071426,74.660004,75.08857,197477700
41229,75.028572,75.714287,72.25,75.382858,316723400
41232,77.244286,81.071426,77.125717,80.818573,205829400
41233,81.701431,81.707146,79.225716,80.129997,160688500
41234,80.60714,81.052856,79.514282,80.242859,93250500
41236,81.024284,81.714287,80.371429,81.64286,68206600
41239,82.271431,84.285713,81.958572,84.218575,157644900
41240,84.221428,84.345711,82.871429,83.540001,133332500
41241,82.46714,83.685715,81.751427,83.277145,130216100
41242,84.317146,84.89286,83.60714,84.194283,128674700
41243,83.827141,84.057144,83.239998,83.611427,97829900
41246,84.807144,84.941429,83.64286,83.741432,91070000
41247,83.114288,83.114288,81.732857,82.264282,139267100
41248,81.272858,81.321426,76.96714,76.970001,261159500
41249,75.562859,79.044289,74.089996,78.177139,294303100
41250,79.057144,79.314285,75.714287,76.178574,196760200
41253,75,76.93,74.511429,75.688568,157621100
41254,77.110001,78.508568,76.767143,77.341431,148086400
41255,78.252853,78.285713,76.610001,77,121786000
41256,75.878571,76.805717,75.114288,75.669998,156314900
41257,73.535713,74.01857,72.225716,72.827141,252394800
41260,72.704285,74.285713,71.604286,74.118568,189401800
41261,75,76.414284,74.321426,76.271431,156421300
41262,75.924286,76.242859,75.071426,75.187141,112342300
41263,75.714287,75.742859,74.125717,74.53286,120422400
41264,73.209999,74.238571,72.891426,74.190002,149067100
41267,74.335716,74.89286,74.101425,74.309998,43938300
41269,74.14286,74.208572,73.017143,73.285713,75609100
41270,73.362854,73.75,72.094284,73.580002,113780100
41271,72.898575,73.497147,72.58857,72.798569,88569600
41274,72.932854,76.485718,72.714287,76.024284,164873100
41276,79.117142,79.285713,77.375717,78.432854,140129500
41277,78.26857,78.524284,77.285713,77.442856,88241300
41278,76.709999,76.947144,75.118568,75.285713,148583400
41281,74.571426,75.614288,73.599998,74.842857,121039100
41282,75.601425,75.984283,74.464287,75.044289,114676800
41283,74.64286,75.001427,73.71286,73.871429,101901100
41284,75.507141,75.531425,73.645714,74.78714,150286500
41285,74.428574,75.045715,74.145714,74.328575,87626700
41288,71.811432,72.5,71.215714,71.678574,183551900
41289,71.185715,71.284286,69.054283,69.417145,219193100
41290,70.662857,72.777145,70.35714,72.298569,172701200
41291,72.901428,72.964287,71.718575,71.811432,113419600
41292,71.21714,71.745712,70.914284,71.428574,118230700
41296,72.080002,72.554283,70.947144,72.110001,115386600
41297,72.687141,73.57,72.110001,73.43,215377400
41298,65.714287,66.53286,64.321426,64.35714,365213100
41299,64.527145,65.175713,62.142857,62.84,302006600
41302,62.547142,64.744286,62.265713,64.261429,196379400
41303,65.5,65.742859,64.58857,65.46714,142789500
41304,65.285713,66.085716,64.928574,65.261429,104288800
41305,65.28286,65.611427,64.997147,65.07,79833600
41306,65.587143,65.639999,64.050003,64.802856,134871100
41309,64.844284,65.134285,63.142857,63.188572,119279300
41310,63.435715,65.677139,63.174286,65.405716,143336900
41311,65.209999,66.64286,64.654289,65.335716,148426600
41312,66.178574,67.14286,64.874283,66.888573,176145200
41313,67.714287,68.401428,66.89286,67.854286,158289600
41316,68.071426,69.277145,67.60714,68.561432,129372600
41317,68.501427,68.91143,66.82,66.842857,152263300
41318,66.744286,67.662857,66.174286,66.715714,118801900
41319,66.360001,67.377144,66.288574,66.655716,88818800
41320,66.978569,67.165718,65.702858,65.737144,97936300
41324,65.871429,66.104286,64.835716,65.71286,108945900
41325,65.384285,65.384285,64.114288,64.121429,119075600
41326,63.714287,64.167145,63.259998,63.722858,111795600
41327,64.178574,64.514282,63.799999,64.401428,82663700
41330,64.835716,65.017143,63.224285,63.257141,93144800
41331,63.402859,64.505714,62.522858,64.138573,125374900
41332,64.061432,64.634285,62.950001,63.509998,146837600
41333,63.435715,63.98143,63.057144,63.057144,80628800
41334,62.57143,62.597141,61.425713,61.495716,138112100
41337,61.114285,61.171429,59.857143,60.007141,145688900
41338,60.21143,62.169998,60.107143,61.591427,159608400
41339,62.072857,62.17857,60.632858,60.808571,115062500
41340,60.642857,61.715714,60.151428,61.511429,117118400
41341,61.400002,62.204285,61.23,61.674286,97870500
41344,61.392857,62.715714,60.734287,62.552856,118559000
41345,62.228573,62.697144,61.081429,61.204285,116477900
41346,61.207142,62.07143,60.765713,61.192856,101387300
41347,61.832859,62.091427,61.492859,61.785713,75968900
41348,62.561428,63.46143,62.464287,63.380001,160990200
41351,63.064285,65.351425,63.028572,65.102859,151549300
41352,65.64286,65.852859,64.071426,64.927139,131693800
41353,65.345711,65.375717,64.227142,64.582855,77165200
41354,64.317146,65.425713,64.300003,64.675713,95813900
41355,64.940002,66.014282,64.730003,65.987144,98776300
41358,66.384285,67.135712,65.968575,66.225716,125283900
41359,66.491432,66.548569,65.790001,65.877144,73573500
41360,65.208572,65.257141,64.389999,64.582855,82809300
41361,64.260002,64.545715,63.08857,63.237144,110709900
41365,63.128571,63.385715,61.105713,61.272858,97433000
41366,61.085712,62.591427,60.914288,61.398571,132379800
41367,61.624287,62.468571,61.472858,61.712856,90804000
41368,61.965714,62.142857,60.75,61.102856,89611900
41369,60.642857,60.707142,59.954285,60.457142,95923800
41372,60.692856,61.07143,60.355713,60.887142,75207300
41373,60.908573,61.214287,60.392857,60.997143,76653500
41374,61.157143,62.437141,60.85857,62.241428,93982000
41375,61.959999,62.57,61.599998,62.047142,82091100
41376,62.021427,62.021427,61.298573,61.400002,59653300
41379,61,61.127144,59.935715,59.978573,79380000
41380,60.224285,60.944286,60.081429,60.89143,76442800
41381,60.03857,60.085712,56.872856,57.542858,236264000
41382,57.855713,57.970001,55.677143,56.007141,166574800
41383,55.424286,57.085712,55.014286,55.790001,152318600
41386,56.091427,57.457142,55.895714,56.952858,107480100
41387,57.712856,58.34,56.972858,58.01857,166059600
41388,56.220001,59.32143,56.07143,57.922855,242412800
41389,58.747143,59.134285,58.142857,58.34,96209400
41390,58.544285,59.824287,58.32143,59.599998,191024400
41393,60.064285,61.945713,60,61.445713,160081600
41394,62.157143,63.607143,61.724285,63.254284,172884600
41395,63.494286,63.561428,62.055714,62.755714,126727300
41396,63.111427,64.084282,62.947144,63.645714,105457100
41397,64.472855,64.747147,64.164284,64.28286,90325200
41400,65.101425,66.028572,64.901428,65.815712,124160400
41401,66.424286,66.535713,64.814285,65.522858,120938300
41402,65.577141,66.48143,65.115715,66.262856,118149500
41403,65.687141,66.14286,65.082855,65.252853,99621900
41404,65.424286,65.672859,64.354286,64.709999,83713000
41407,64.501427,65.414284,64.5,64.96286,79237200
41408,64.835716,65.028572,63.164288,63.408573,111779500
41409,62.737144,63,60.337143,61.264286,185403400
41410,60.462856,62.549999,59.842857,62.082859,150801000
41411,62.721428,62.869999,61.572857,61.894287,106976100
41414,61.701427,63.685715,61.442856,63.275715,112894600
41415,62.592857,63.639999,62.028572,62.808571,114005500
41416,63.435715,64.050003,62.602856,63.049999,110759600
41417,62.278572,63.737144,62.255714,63.162857,88255300
41418,62.978573,63.665714,62.908573,63.592857,69041700
41422,64.271431,64.444283,62.978573,63.062859,96536300
41423,62.857143,63.92857,62.771427,63.564285,82644100
41424,63.664288,64.928574,63.501427,64.511429,88379900
41425,64.64286,65.300003,64.214287,64.247147,96075700
41428,64.389999,64.622856,63.21143,64.388573,93088100
41429,64.745712,64.918571,63.912857,64.187141,73182200
41430,63.664288,64.388573,63.387142,63.587143,72647400
41431,63.638573,63.857143,62.007141,62.637142,104233500
41432,62.357143,63.32,61.824287,63.115715,101133900
41435,63.532856,64.154289,62.400002,62.69857,112538300
41436,62.248573,63.251427,61.902859,62.514286,71528100
41437,62.785713,63.035713,61.642857,61.741428,66306800
41438,61.785713,62.44857,61.25,62.279999,71458100
41439,62.200001,62.327145,61.214287,61.435715,67966500
41442,61.634285,62.242859,61.48,61.714287,64853600
41443,61.651428,62.128571,61.458572,61.681427,48756400
41444,61.628571,61.665714,60.42857,60.42857,77735000
41445,59.900002,60.854286,59.310001,59.548573,89327700
41446,59.784286,60,58.299999,59.07143,120279600
41449,58.200001,58.380001,56.864285,57.505714,120186500
41450,57.957142,58.255714,56.975716,57.51857,78540700
41451,57.700001,57.827145,56.522858,56.867142,91931000
41452,57.035713,57.341427,56.220001,56.254284,84311500
41453,55.908573,57.181427,55.552856,56.647144,144629100
41456,57.527142,58.895714,57.317142,58.459999,97763400
41457,58.565716,60.232857,58.495716,59.784286,117466300
41458,60.122856,60.425713,59.635715,60.114285,60232200
41460,60.055714,60.470001,59.335712,59.631428,68506200
41463,60.015713,60.142857,58.664288,59.292858,74534600
41464,59.085712,60.5,58.625713,60.335712,88146100
41465,59.942856,60.685715,59.75,60.104286,70351400
41466,60.421429,61.17857,60.167141,61.041428,81573100
41467,61.092857,61.398571,60.487144,60.93,69890800
41470,60.715714,61.637142,60.685715,61.062859,60479300
41471,60.931427,61.529999,60.595715,61.457142,54134500
41472,61.385715,61.745716,61.174286,61.472858,49747600
41473,61.91143,62.124287,61.515713,61.68,54719700
41474,61.871429,61.997143,60.621429,60.707142,67180400
41477,61.351429,61.392857,60.781429,60.901428,51949100
41478,60.857143,60.994286,59.815716,59.855713,92348900
41479,62.704285,63.512856,62.18,62.93,147984200
41480,62.957142,63.057144,62.258572,62.642857,57373400
41481,62.185715,63.005714,62.048573,62.998573,50038100
41484,62.971428,64.284286,62.885715,63.970001,62014400
41485,64.279999,65.307144,64.175713,64.760002,77355600
41486,64.998573,65.334282,64.204285,64.647141,80739400
41487,65.10714,65.257141,64.751427,65.239998,51562700
41488,65.43,66.121429,65.237144,66.077141,68695900
41491,66.384285,67.238571,66.021431,67.064285,79713900
41492,66.860001,67.412857,66.024284,66.464287,83714400
41493,66.257141,66.714287,65.96714,66.425713,74714500
41494,66.265717,66.300003,65.421425,65.858574,63944300
41495,65.519997,65.779999,64.807144,64.921425,66716300
41498,65.265717,66.949997,65.232857,66.765717,91108500
41499,67.277145,70.665718,66.864288,69.938568,220485300
41500,71.125717,72.035713,70.485718,71.214287,189093100
41501,70.917145,71.771431,69.868568,71.129997,122573500
41502,71.449997,71.848572,71.265717,71.761429,90576500
41505,72.048569,73.391426,72,72.534286,127629600
41506,72.815712,72.938568,71.545715,71.581429,89672100
41507,71.941429,72.449997,71.599998,71.765717,83969900
41508,72.139999,72.227142,71.171425,71.851425,61051900
41509,71.895714,71.907143,71.335716,71.574287,55682900
41512,71.535713,72.885712,71.5,71.852859,82741400
41513,71.14286,71.78714,69.471428,69.798569,106047200
41514,69.428574,70.828575,69.428574,70.128571,76902000
41515,70.235718,70.928574,70.16143,70.242859,59914400
41516,70.285713,70.421425,69.5,69.602859,68074300
41520,70.442856,71.514282,69.621429,69.797142,82982200
41521,71.365715,71.748573,70.897141,71.241432,86258200
41522,71.464287,71.525711,70.519997,70.752853,59091900
41523,71.205711,71.339996,69.992859,71.174286,89881400
41526,72.14286,72.559998,71.925713,72.309998,85171800
41527,72.314285,72.492859,69.928574,70.662857,185798900
41528,66.715714,67.669998,66.401428,66.815712,224674100
41529,66.928574,67.914284,66.572861,67.527145,101012800
41530,67.048569,67.404289,66.385712,66.414284,74708900
41533,65.85714,65.944283,63.888573,64.302856,135926700
41534,63.994286,65.672859,63.92857,65.045715,99845200
41535,66.168571,66.621429,65.808571,66.382858,114215500
41536,67.242859,67.975716,67.035713,67.471428,101135300
41537,68.285713,68.364288,66.571426,66.772858,174825700
41540,70.871429,70.987144,68.942856,70.091431,190526700
41541,70.697144,70.781425,69.688568,69.871429,91086100
41542,69.885712,69.94857,68.775711,68.790001,79239300
41543,69.428574,69.794289,69.128571,69.459999,59305400
41544,69.111427,69.238571,68.674286,68.964287,57010100
41547,68.178574,68.808571,67.772858,68.10714,65039100
41548,68.349998,69.877144,68.339996,69.708572,88470900
41549,69.375717,70.257141,69.10714,69.937141,72296000
41550,70.072861,70.335716,68.677139,69.058571,80688300
41551,69.122856,69.228569,68.371429,69.004288,64717100
41554,69.508568,70.378571,69.335716,69.678574,78073100
41555,69.991432,70.091431,68.648575,68.705711,72729300
41556,69.234283,69.684288,68.325714,69.512856,75431300
41557,70.188568,70.339996,69.577141,69.94857,69650700
41558,69.57,70.548569,69.308571,70.401428,66934700
41561,69.975716,71.082855,69.907143,70.862854,65474500
41562,71.072861,71.714287,70.788574,71.239998,80018400
41563,71.541428,71.790001,71.318573,71.587143,62775300
41564,71.425713,72.111427,71.382858,72.071426,63398300
41565,72.284286,72.751427,72.244286,72.69857,72635500
41568,73.110001,74.900002,73.074287,74.480003,99526700
41569,75.201431,75.492859,72.575714,74.267143,133515900
41570,74.14286,75.095711,74.14286,74.994286,78430800
41571,75,76.067146,74.635712,75.987144,96191200
41572,75.902855,76.175713,75.015717,75.137146,84448000
41575,75.577141,75.85714,74.744286,75.697144,137610200
41576,76.610001,77.035713,73.505714,73.811432,158951800
41577,74.230003,75.360001,73.860001,74.985718,88540900
41578,75,75.355713,74.46714,74.671425,68924100
41579,74.860001,74.971428,73.691429,74.290001,68722500
41582,74.442856,75.260002,74.115715,75.25,61156900
41583,74.940002,75.555717,74.714287,75.064285,66303300
41584,74.878571,74.980003,74.028572,74.417145,55843900
41585,74.225716,74.741432,73.197144,73.21286,65655100
41586,73.511429,74.447144,73.227142,74.365715,69829200
41589,74.284286,74.524284,73.487144,74.150002,56863100
41590,73.952858,74.845711,73.85714,74.28714,51069200
41591,74,74.60714,73.851425,74.375717,49305200
41592,74.687141,75.611427,74.552856,75.451431,70604800
41593,75.225716,75.584282,74.927139,74.998573,79480100
41596,74.998573,75.312859,74.028572,74.089996,61236000
41597,74.147141,74.76857,73.995712,74.221428,52234700
41598,74.175713,74.345711,73.475716,73.571426,48479200
41599,73.942856,74.458572,73.381432,74.44857,65506700
41600,74.21714,74.594284,74.075714,74.257141,55931400
41603,74.431427,75.124283,74.428574,74.82,57327900
41604,74.874283,76.591431,74.85714,76.199997,100345700
41605,76.615715,78,76.199997,77.994286,90862100
41607,78.497147,79.761429,78.258568,79.438568,79531900
41610,79.714287,80.618568,78.688568,78.747147,118136200
41611,79.757141,80.91143,79.668571,80.902855,112742000
41612,80.785713,81.312859,80.117142,80.714287,94452400
41613,81.807144,82.162857,80.915718,81.128571,111895000
41614,80.827141,80.964287,79.938568,80.002853,86088100
41617,80.128571,81.368568,80.128571,80.918571,80123400
41618,80.511429,81.125717,80.171425,80.792854,69567400
41619,81,81.567146,79.955711,80.194283,89929700
41620,80.305717,80.762856,80.004288,80.077141,65572500
41621,80.407143,80.41143,79.095711,79.204285,83205500
41624,79.288574,80.377144,79.28714,79.64286,70648200
41625,79.401428,79.919998,79.054283,79.284286,57475600
41626,78.528572,78.778572,76.971428,78.681427,141465800
41627,78.5,78.571426,77.675713,77.779999,80077200
41628,77.918571,78.80143,77.831429,78.431427,109103400
41631,81.14286,81.531425,80.394287,81.441429,125326600
41632,81.412857,81.697144,80.861427,81.095711,41888700
41634,81.157143,81.35714,80.482857,80.557144,51002000
41635,80.545715,80.629997,79.928574,80.012856,56471100
41638,79.637146,80.012856,78.902855,79.21714,63407400
41639,79.167145,80.182854,79.14286,80.145714,55771100
41641,79.382858,79.575714,78.860001,79.01857,58671200
41642,78.980003,79.099998,77.204285,77.28286,98116900
41645,76.778572,78.114288,76.228569,77.704285,103152700
41646,77.760002,77.994286,76.845711,77.148575,79302300
41647,76.972855,77.937141,76.955711,77.637146,64632400
41648,78.114288,78.122856,76.478569,76.645714,69787200
41649,77.118568,77.257141,75.872856,76.134285,76244000
41652,75.701431,77.5,75.697144,76.53286,94623200
41653,76.888573,78.104286,76.808571,78.055717,83140400
41654,79.074287,80.028572,78.808571,79.622856,97909700
41655,79.271431,79.550003,78.811432,79.178574,57319500
41656,78.78286,78.867142,77.128571,77.238571,106684900
41660,77.284286,78.581429,77.202858,78.438568,82131700
41661,78.701431,79.612854,78.258568,78.78714,94996300
41662,78.562859,79.5,77.830002,79.454285,100809800
41663,79.14286,79.374283,77.821426,78.010002,107338700
41666,78.581429,79.257141,77.964287,78.64286,138719700
41667,72.68,73.571426,71.724289,72.35714,266380800
41668,71.992859,72.48143,71.23143,71.535713,125702500
41669,71.791428,72.35714,70.957146,71.397141,169625400
41670,70.739998,71.647141,70.507141,71.514282,116199300
41673,71.80143,72.53286,71.328575,71.647141,100366000
41674,72.264282,72.779999,71.822861,72.684288,94170300
41675,72.365715,73.611427,72.321426,73.227142,82086200
41676,72.865715,73.35714,72.544289,73.215714,64441300
41677,74.482857,74.704285,73.91143,74.239998,92570100
41680,74.094284,75.998573,74,75.57,86389800
41681,75.80143,76.821426,75.64286,76.565712,70564200
41682,76.707146,77.080002,76.177139,76.559998,77025200
41683,76.379997,77.835716,76.314285,77.775711,76849500
41684,77.495712,77.997147,77.315712,77.71286,68231100
41688,78,78.741432,77.944283,77.998573,65062900
41689,77.821426,78.127144,76.335716,76.767143,78442000
41690,76.141426,76.714287,75.571426,75.878571,76464500
41691,76.112854,76.367142,74.942856,75.035713,69696200
41694,74.735718,75.702858,74.631432,75.364288,72227400
41695,75.625717,75.652855,74.428574,74.580002,57988000
41696,74.80143,75,73.657143,73.907143,69054300
41697,73.877144,75.540001,73.721428,75.381432,75470500
41698,75.582855,76.10714,74.58857,75.177139,92992200
41701,74.774284,75.807144,74.687141,75.394287,59695300
41702,75.85714,76.091431,75.395714,75.891426,64785000
41703,75.845711,76.39286,75.589996,76.05143,50015700
41704,76.112854,76.348572,75.442856,75.821426,46372200
41705,75.870003,75.997147,75.150002,75.777145,55182400
41708,75.480003,76.190002,75.477142,75.845711,44646000
41709,76.492859,76.96286,76.084282,76.584282,69806100
41710,76.358574,76.764282,76,76.658569,49831600
41711,76.777145,77.094284,75.594284,75.807144,64435700
41712,75.541428,75.841431,74.714287,74.955711,59299800
41715,75.385712,75.709999,75.121429,75.248573,49886200
41716,75.128571,75.995712,75.028572,75.914284,52411800
41717,76.03714,76.605713,75.571426,75.894287,56189000
41718,75.69857,76.095711,75.335716,75.528572,52099600
41719,75.989998,76.25,75.190002,76.124283,93511600
41722,76.917145,77.214287,76.437141,77.027145,88925200
41723,77.35714,77.964287,77.084282,77.855713,70573300
41724,78.074287,78.428574,76.980003,77.111427,74942000
41725,77.145714,77.35714,76.445717,76.779999,55507900
41726,76.902855,76.991432,76.321426,76.694283,50141000
41729,77.03286,77.258568,76.561432,76.677139,42167300
41730,76.822861,77.410004,76.681427,77.378571,50190000
41731,77.482857,77.639999,77.18,77.507141,45105200
41732,77.341431,77.5,76.805717,76.970001,40586000
41733,77.115715,77.14286,75.797142,75.974289,68812800
41736,75.431427,75.842857,74.555717,74.781425,72462600
41737,75.027145,75.160004,74.099998,74.777145,60972100
41738,74.662857,75.784286,74.574287,75.760002,51542400
41739,75.811432,76.034286,74.738571,74.78286,59913000
41740,74.14286,74.690002,73.877144,74.230003,67929400
41743,74.557144,74.594284,73.887146,74.525711,51418500
41744,74.324287,74.519997,73.047142,73.994286,66622500
41745,74.007141,74.441429,73.44857,74.144287,53691400
41746,74.285713,75.394287,74.171425,74.991432,71083600
41750,75.048569,76.019997,74.851425,75.881432,45637200
41751,75.472855,75.975716,75.214287,75.957146,50640800
41752,75.580002,75.875717,74.921425,74.964287,98735000
41753,81.172859,81.428574,80.104286,81.110001,189977900
41754,80.647141,81.71286,80.565712,81.705711,97568800
41757,81.828575,85.10714,81.792854,84.870003,167371400
41758,84.82,85.139999,84.215714,84.618568,84344400
41759,84.662857,85.632858,84.257141,84.298569,114160200
41760,84.571426,84.971428,83.765717,84.497147,61012000
41761,84.620003,84.885712,84.244286,84.654289,47878600
41764,84.305717,85.85714,84.285713,85.851425,71766800
41765,85.971428,86.344284,84.915718,84.915718,93641100
41766,85.035713,85.327141,83.961426,84.618568,70716100
41767,84.035713,84.915718,83.771431,83.998573,57574300
41768,83.505714,83.75,82.904289,83.648575,72899400
41771,83.927139,84.808571,83.914284,84.690002,53302200
41772,84.571426,84.934288,84.385712,84.822861,39934300
41773,84.632858,85.342857,84.534286,84.83857,41601000
41774,84.957146,85.228569,84.005714,84.117142,57711500
41775,84.089996,85.361427,83.628571,85.358574,69064100
41778,85.407143,86.761429,85.332855,86.370003,79438800
41779,86.358574,86.628571,85.818573,86.387146,58709000
41780,86.261429,86.671425,86.008568,86.615715,49214900
41781,86.657143,87.121429,86.300003,86.752853,50190000
41782,86.75,87.818573,86.638573,87.732857,58052400
41786,87.982857,89.408569,87.947144,89.375717,87216500
41787,89.431427,89.975716,89.111427,89.144287,78870400
41788,89.692856,90.98143,89.681427,90.76857,94118500
41789,91.139999,92.024284,89.842857,90.428574,141005200
41792,90.565712,90.690002,88.928574,89.807144,92337700
41793,89.779999,91.248573,89.75,91.077141,73177300
41794,91.062859,92.555717,90.872856,92.117142,83870500
41795,92.314285,92.767143,91.80143,92.478569,75951400
41796,92.842857,93.03714,92.067146,92.224289,87484600
41799,92.699997,93.879997,91.75,93.699997,75415000
41800,94.730003,95.050003,93.57,94.25,62777000
41801,94.129997,94.760002,93.470001,93.860001,45681000
41802,94.040001,94.120003,91.900002,92.290001,54749000
41803,92.199997,92.440002,90.879997,91.279999,54525000
41806,91.510002,92.75,91.449997,92.199997,35561000
41807,92.309998,92.699997,91.800003,92.080002,29726000
41808,92.269997,92.290001,91.349998,92.18,33514000
41809,92.290001,92.300003,91.339996,91.860001,35528000
41810,91.849998,92.550003,90.900002,90.910004,100898000
41813,91.32,91.620003,90.599998,90.830002,43694000
41814,90.75,91.739998,90.190002,90.279999,39036000
41815,90.209999,90.699997,89.650002,90.360001,36869000
41816,90.370003,91.050003,89.800003,90.900002,32629000
41817,90.82,92,90.769997,91.980003,64029000
41820,92.099998,93.730003,92.089996,92.93,49482300
41821,93.519997,94.07,93.129997,93.519997,38223000
41822,93.870003,94.059998,93.089996,93.480003,28465000
41823,93.669998,94.099998,93.199997,94.029999,22891800
41827,94.139999,95.989998,94.099998,95.970001,56468000
41828,96.269997,96.800003,93.919998,95.349998,65222000
41829,95.440002,95.949997,94.760002,95.389999,36436000
41830,93.760002,95.550003,93.519997,95.040001,39686000
41831,95.360001,95.889999,94.860001,95.220001,34018000
41834,95.860001,96.889999,95.650002,96.449997,42810000
41835,96.800003,96.849998,95.029999,95.32,45477900
41836,96.970001,97.099998,94.739998,94.779999,53396300
41837,95.029999,95.279999,92.57,93.089996,57298000
41838,93.620003,94.739998,93.019997,94.43,49988000
41841,94.989998,95,93.720001,93.940002,39079000
41842,94.68,94.889999,94.120003,94.720001,55197000
41843,95.419998,97.879997,95.169998,97.190002,92918000
41844,97.040001,97.32,96.419998,97.029999,45729000
41845,96.849998,97.839996,96.639999,97.669998,43469000
41848,97.82,99.239998,97.550003,99.019997,55318000
41849,99.330002,99.440002,98.25,98.379997,43143000
41850,98.440002,98.699997,97.669998,98.150002,33010000
41851,97.160004,97.449997,95.330002,95.599998,56843000
41852,94.900002,96.620003,94.809998,96.129997,48511000
41855,96.370003,96.580002,95.169998,95.589996,39958000
41856,95.360001,95.68,94.360001,95.120003,55933000
41857,94.75,95.480003,94.709999,94.959999,38558000
41858,94.93,95.949997,94.099998,94.480003,46711000
41859,94.260002,94.82,93.279999,94.739998,41865000
41862,95.269997,96.080002,94.839996,95.989998,36585000
41863,96.040001,96.879997,95.610001,95.970001,33795000
41864,96.150002,97.239998,96.040001,97.239998,31916000
41865,97.330002,97.57,96.800003,97.5,28116000
41866,97.900002,98.190002,96.860001,97.980003,48951000
41869,98.489998,99.370003,97.980003,99.160004,47572000
41870,99.410004,100.68,99.32,100.529999,69399000
41871,100.440002,101.089996,99.949997,100.57,52699000
41872,100.57,100.940002,100.110001,100.580002,33478000
41873,100.290001,101.470001,100.190002,101.32,44184000
41876,101.790001,102.169998,101.279999,101.540001,40270000
41877,101.419998,101.5,100.860001,100.889999,33152000
41878,101.019997,102.57,100.699997,102.129997,52369000
41879,101.589996,102.779999,101.559998,102.25,68460000
41880,102.860001,102.900002,102.199997,102.5,44595000
41884,103.059998,103.739998,102.720001,103.300003,53564000
41885,103.099998,103.199997,98.580002,98.940002,125421000
41886,98.849998,100.089996,97.790001,98.120003,85718000
41887,98.800003,99.389999,98.309998,98.970001,58457000
41890,99.300003,99.309998,98.050003,98.360001,46356700
41891,99.080002,103.080002,96.139999,97.989998,189846300
41892,98.010002,101.110001,97.760002,101,100869600
41893,100.410004,101.440002,99.620003,101.43,62353100
41894,101.209999,102.190002,101.080002,101.660004,62626100
41897,102.809998,103.050003,101.440002,101.629997,61316500
41898,99.800003,101.260002,98.889999,100.860001,66908100
41899,101.269997,101.800003,100.589996,101.580002,60926500
41900,101.93,102.349998,101.559998,101.790001,37299400
41901,102.290001,102.349998,100.5,100.959999,70902400
41904,101.800003,102.139999,100.580002,101.059998,52788400
41905,100.599998,102.940002,100.540001,102.639999,63402200
41906,102.160004,102.849998,101.199997,101.75,60171800
41907,100.510002,100.709999,97.720001,97.870003,100092000
41908,98.529999,100.75,98.400002,100.75,62370500
41911,98.650002,100.440002,98.629997,100.110001,49766300
41912,100.809998,101.540001,100.529999,100.75,55264100
41913,100.589996,100.690002,98.699997,99.18,51491300
41914,99.269997,100.220001,98.040001,99.900002,47757800
41915,99.440002,100.209999,99.040001,99.620003,43469600
41918,99.949997,100.650002,99.419998,99.620003,37051200
41919,99.43,100.120003,98.730003,98.75,42094200
41920,98.760002,101.110001,98.309998,100.800003,57404700
41921,101.540001,102.379997,100.610001,101.019997,77376500
41922,100.690002,102.029999,100.300003,100.730003,66331600
41925,101.330002,101.779999,99.809998,99.809998,53583400
41926,100.389999,100.519997,98.57,98.75,63688600
41927,97.970001,99.150002,95.18,97.540001,100933600
41928,95.550003,97.720001,95.410004,96.260002,72154500
41929,97.5,99,96.809998,97.669998,68179700
41932,98.32,99.959999,98.220001,99.760002,77517300
41933,103.019997,103.019997,101.269997,102.470001,94623900
41934,102.839996,104.110001,102.599998,102.989998,68263100
41935,104.080002,105.050003,103.629997,104.830002,71074700
41936,105.18,105.489998,104.529999,105.220001,47053900
41939,104.849998,105.480003,104.699997,105.110001,34187700
41940,105.400002,106.739998,105.349998,106.739998,48060900
41941,106.650002,107.370003,106.360001,107.339996,52687900
41942,106.959999,107.349998,105.900002,106.980003,40654800
41943,108.010002,108.040001,107.209999,108,44639300
41946,108.220001,110.300003,108.010002,109.400002,52282600
41947,109.360001,109.489998,107.720001,108.599998,41574400
41948,109.099998,109.300003,108.129997,108.860001,37435900
41949,108.599998,108.790001,107.800003,108.699997,34968500
41950,108.75,109.32,108.550003,109.010002,33691500
41953,109.019997,109.330002,108.669998,108.830002,27195500
41954,108.699997,109.75,108.400002,109.699997,27442300
41955,109.379997,111.43,109.370003,111.25,46942400
41956,111.800003,113.449997,111.599998,112.82,59522900
41957,113.150002,114.190002,111.209999,114.18,44063600
41960,114.269997,117.279999,113.300003,113.989998,46746700
41961,113.940002,115.690002,113.889999,115.470001,44224000
41962,115.440002,115.739998,113.800003,114.669998,41869200
41963,114.910004,116.860001,114.849998,116.309998,43395500
41964,117.510002,117.57,116.029999,116.470001,57179300
41967,116.849998,118.769997,116.620003,118.629997,47450800
41968,119.07,119.75,117.449997,117.599998,68840400
41969,117.940002,119.099998,117.830002,119,40768300
41971,119.269997,119.400002,118.050003,118.93,24814400
41974,118.809998,119.25,111.269997,115.07,83814000
41975,113.5,115.75,112.75,114.629997,59348900
41976,115.75,116.349998,115.110001,115.93,43063400
41977,115.769997,117.199997,115.290001,115.489998,42044500
41978,115.989998,116.080002,114.639999,115,38318900
41981,114.099998,114.650002,111.620003,112.400002,57664900
41982,110.190002,114.300003,109.349998,114.120003,60208000
41983,114.410004,114.849998,111.540001,111.949997,44565300
41984,112.260002,113.800003,111.339996,111.620003,41401700
41985,110.459999,111.870003,109.580002,109.730003,56028100
41988,110.699997,111.599998,106.349998,108.230003,67218100
41989,106.370003,110.160004,106.260002,106.75,60790700
41990,107.120003,109.839996,106.82,109.410004,53411800
41991,111.870003,112.650002,110.660004,112.650002,59006200
41992,112.260002,113.239998,111.660004,111.779999,88429800
41995,112.160004,113.489998,111.970001,112.940002,45167500
41996,113.230003,113.330002,112.459999,112.540001,26028400
41997,112.580002,112.709999,112.010002,112.010002,14479600
41999,112.099998,114.519997,112.010002,113.989998,33721000
42002,113.790001,114.769997,113.699997,113.910004,27598900
42003,113.639999,113.919998,112.110001,112.519997,29881500
42004,112.82,113.129997,110.209999,110.379997,41403400
42006,111.389999,111.440002,107.349998,109.330002,53204600
42009,108.290001,108.650002,105.410004,106.25,64285500
42010,106.540001,107.43,104.629997,106.260002,65797100
42011,107.199997,108.199997,106.699997,107.75,40105900
42012,109.230003,112.150002,108.699997,111.889999,59364500
42013,112.669998,113.25,110.209999,112.010002,53699500
42016,112.599998,112.629997,108.800003,109.25,49650800
42017,111.43,112.800003,108.910004,110.220001,67091900
42018,109.040001,110.489998,108.5,109.800003,48337000
42019,110,110.059998,106.660004,106.82,60014000
42020,107.029999,107.580002,105.199997,105.989998,78513300
42024,107.839996,108.970001,106.5,108.720001,49899900
42025,108.949997,111.059998,108.269997,109.550003,48575900
42026,110.260002,112.470001,109.720001,112.400002,53796400
42027,112.300003,113.75,111.529999,112.980003,46464800
42030,113.739998,114.360001,112.800003,113.099998,55615000
42031,112.419998,112.480003,109.029999,109.139999,95568700
42032,117.629997,118.120003,115.309998,115.309998,146477100
42033,116.32,119.190002,115.559998,118.900002,84436400
42034,118.400002,120,116.849998,117.160004,83745500
42037,118.050003,119.169998,116.080002,118.629997,62739100
42038,118.5,119.089996,117.610001,118.650002,51915700
42039,118.5,120.510002,118.309998,119.559998,70149700
42040,120.019997,120.230003,119.25,119.940002,42246200
42041,120.019997,120.25,118.449997,118.93,43706600
42044,118.550003,119.839996,118.43,119.720001,38889800
42045,120.169998,122.150002,120.160004,122.019997,62008500
42046,122.769997,124.919998,122.5,124.879997,73561800
42047,126.059998,127.480003,125.57,126.459999,74474500
42048,127.279999,127.279999,125.650002,127.080002,54272200
42052,127.489998,128.880005,126.919998,127.830002,63152400
42053,127.629997,128.779999,127.449997,128.720001,44891700
42054,128.479996,129.029999,128.330002,128.449997,37362400
42055,128.619995,129.5,128.050003,129.5,48948400
42058,130.020004,133,129.660004,133,70974100
42059,132.940002,133.600006,131.169998,132.169998,69228100
42060,131.559998,131.600006,128.149994,128.789993,74711700
42061,128.789993,130.869995,126.610001,130.419998,91287500
42062,130,130.570007,128.240005,128.460007,62014800
42065,129.25,130.279999,128.300003,129.089996,48096700
42066,128.960007,129.520004,128.089996,129.360001,37816300
42067,129.100006,129.559998,128.320007,128.539993,31666300
42068,128.580002,128.75,125.760002,126.410004,56517100
42069,128.399994,129.369995,126.260002,126.599998,72842100
42072,127.959999,129.570007,125.059998,127.139999,88528500
42073,126.410004,127.220001,123.800003,124.510002,68856600
42074,124.75,124.769997,122.110001,122.239998,68939000
42075,122.309998,124.900002,121.629997,124.449997,48362700
42076,124.400002,125.400002,122.580002,123.589996,51827300
42079,123.879997,124.949997,122.870003,124.949997,35874300
42080,125.900002,127.32,125.650002,127.040001,51023100
42081,127,129.160004,126.370003,128.470001,65270900
42082,128.75,129.25,127.400002,127.5,45809500
42083,128.25,128.399994,125.160004,125.900002,68695100
42086,127.120003,127.849998,126.519997,127.209999,37709700
42087,127.230003,128.039993,126.559998,126.690002,32842300
42088,126.540001,126.82,123.379997,123.379997,51655200
42089,122.760002,124.879997,122.599998,124.239998,47572900
42090,124.57,124.699997,122.910004,123.25,39546200
42093,124.050003,126.400002,124,126.370003,47099700
42094,126.089996,126.489998,124.360001,124.43,42090600
42095,124.82,125.120003,123.099998,124.25,40621400
42096,125.029999,125.559998,124.190002,125.32,32220100
42100,124.470001,127.510002,124.330002,127.349998,37194000
42101,127.639999,128.119995,125.980003,126.010002,35012300
42102,125.849998,126.400002,124.970001,125.599998,37329200
42103,125.849998,126.580002,124.660004,126.559998,32484000
42104,125.949997,127.209999,125.260002,127.099998,40188000
42107,128.369995,128.570007,126.610001,126.849998,36365100
42108,127,127.290001,125.910004,126.300003,25524600
42109,126.410004,127.129997,126.010002,126.779999,28970400
42110,126.279999,127.099998,126.110001,126.169998,28369000
42111,125.550003,126.139999,124.459999,124.75,51957000
42114,125.57,128.119995,125.169998,127.599998,47054300
42115,128.100006,128.199997,126.669998,126.910004,32435100
42116,126.989998,128.869995,126.32,128.619995,37654500
42117,128.300003,130.419998,128.139999,129.669998,45770900
42118,130.490005,130.630005,129.229996,130.279999,44525900
42121,132.309998,133.130005,131.149994,132.649994,96954200
42122,134.460007,134.539993,129.570007,130.559998,118924000
42123,130.160004,131.589996,128.300003,128.639999,63386100
42124,128.639999,128.639999,124.580002,125.150002,83195400
42125,126.099998,130.130005,125.300003,128.949997,58512600
42128,129.5,130.570007,128.259995,128.699997,50988300
42129,128.149994,128.449997,125.779999,125.800003,49271400
42130,126.559998,126.75,123.360001,125.010002,72141000
42131,124.769997,126.080002,124.019997,125.260002,43940900
42132,126.68,127.620003,126.110001,127.620003,55550400
42135,127.389999,127.559998,125.629997,126.32,42035800
42136,125.599998,126.879997,124.82,125.870003,48160000
42137,126.150002,127.190002,125.870003,126.010002,34694200
42138,127.410004,128.949997,127.160004,128.949997,45203500
42139,129.070007,129.490005,128.210007,128.770004,38208000
42142,128.380005,130.720001,128.360001,130.190002,50882900
42143,130.690002,130.880005,129.639999,130.070007,44633200
42144,130,130.979996,129.339996,130.059998,36454900
42145,130.070007,131.630005,129.830002,131.389999,39730400
42146,131.600006,132.970001,131.399994,132.539993,45596000
42150,132.600006,132.910004,129.119995,129.619995,70697600
42151,130.339996,132.259995,130.050003,132.039993,45833200
42152,131.860001,131.949997,131.100006,131.779999,30733300
42153,131.229996,131.449997,129.899994,130.279999,50884500
42156,130.279999,131.389999,130.050003,130.539993,32112800
42157,129.860001,130.660004,129.320007,129.960007,33667600
42158,130.660004,130.940002,129.899994,130.119995,30889400
42159,129.580002,130.580002,128.910004,129.360001,38450100
42160,129.5,129.690002,128.360001,128.649994,35626800
42163,128.899994,129.210007,126.830002,127.800003,52674800
42164,126.699997,128.080002,125.620003,127.419998,56075400
42165,127.919998,129.339996,127.849998,128.880005,39087300
42166,129.179993,130.179993,128.479996,128.589996,35390900
42167,128.190002,128.330002,127.110001,127.169998,36886200
42170,126.099998,127.239998,125.709999,126.919998,43988900
42171,127.029999,127.849998,126.370003,127.599998,31494100
42172,127.720001,127.879997,126.739998,127.300003,32918100
42173,127.230003,128.309998,127.220001,127.879997,35407200
42174,127.709999,127.82,126.400002,126.599998,54716900
42177,127.489998,128.059998,127.080002,127.610001,34039300
42178,127.480003,127.610001,126.879997,127.029999,30268900
42179,127.209999,129.800003,127.120003,128.110001,55280900
42180,128.860001,129.199997,127.5,127.5,31938100
42181,127.669998,127.989998,126.510002,126.75,44066800
42184,125.459999,126.470001,124.480003,124.529999,49161400
42185,125.57,126.120003,124.860001,125.43,44370700
42186,126.900002,126.940002,125.989998,126.599998,30238800
42187,126.43,126.690002,125.769997,126.440002,27211000
42191,124.940002,126.230003,124.849998,126,28060400
42192,125.889999,126.150002,123.769997,125.690002,46946800
42193,124.480003,124.639999,122.540001,122.57,60761600
42194,123.849998,124.059998,119.220001,120.07,77821600
42195,121.940002,123.849998,121.209999,123.279999,61354500
42198,125.029999,125.760002,124.32,125.660004,41440500
42199,126.040001,126.370003,125.040001,125.610001,31768100
42200,125.720001,127.150002,125.580002,126.82,33649200
42201,127.739998,128.570007,127.349998,128.509995,36222400
42202,129.080002,129.619995,128.309998,129.619995,46164700
42205,130.970001,132.970001,130.699997,132.070007,58900200
42206,132.850006,132.919998,130.320007,130.75,76756400
42207,121.989998,125.5,121.989998,125.220001,115450600
42208,126.199997,127.089996,125.059998,125.160004,50999500
42209,125.32,125.739998,123.900002,124.5,42162300
42212,123.089996,123.610001,122.120003,122.769997,44455500
42213,123.379997,123.910004,122.550003,123.379997,33618100
42214,123.150002,123.5,122.269997,122.989998,37011700
42215,122.32,122.57,121.709999,122.370003,33628300
42216,122.599998,122.639999,120.910004,121.300003,42885000
42219,121.5,122.57,117.519997,118.440002,69976000
42220,117.419998,117.699997,113.25,114.639999,124138600
42221,112.949997,117.440002,112.099998,115.400002,99312600
42222,115.970001,116.5,114.120003,115.129997,52903000
42223,114.580002,116.25,114.5,115.519997,38670400
42226,116.529999,119.989998,116.529999,119.720001,54951600
42227,117.809998,118.18,113.330002,113.489998,97082800
42228,112.529999,115.419998,109.629997,115.239998,101217500
42229,116.040001,116.400002,114.540001,115.150002,48535800
42230,114.32,116.309998,114.010002,115.959999,42929500
42233,116.040001,117.650002,115.5,117.160004,40884700
42234,116.43,117.440002,116.010002,116.5,34560700
42235,116.099998,116.519997,114.68,115.010002,47445700
42236,114.080002,114.349998,111.629997,112.650002,68501600
42237,110.43,111.900002,105.650002,105.760002,128275500
42240,94.870003,108.800003,92,103.120003,162206300
42241,111.110001,111.110001,103.5,103.739998,103601600
42242,107.089996,109.889999,105.050003,109.690002,96774600
42243,112.230003,113.239998,110.019997,112.919998,84616100
42244,112.169998,113.309998,111.540001,113.290001,53164400
42247,112.029999,114.529999,112,112.760002,56229300
42248,110.150002,111.879997,107.360001,107.720001,76845900
42249,110.230003,112.339996,109.129997,112.339996,61888800
42250,112.489998,112.779999,110.040001,110.370003,53233900
42251,108.970001,110.449997,108.510002,109.269997,49996300
42255,111.75,112.559998,110.32,112.309998,54843600
42256,113.760002,114.019997,109.769997,110.150002,85010800
42257,110.269997,113.279999,109.900002,112.57,62892800
42258,111.790001,114.209999,111.760002,114.209999,49915500
42261,116.580002,116.889999,114.860001,115.309998,58363400
42262,115.93,116.529999,114.419998,116.279999,43341200
42263,116.25,116.540001,115.440002,116.410004,37173500
42264,115.660004,116.489998,113.720001,113.919998,64112600
42265,112.209999,114.300003,111.870003,113.449997,74285300
42268,113.669998,115.370003,113.660004,115.209999,50222000
42269,113.379997,114.18,112.519997,113.400002,50346200
42270,113.629997,114.720001,113.300003,114.32,35756700
42271,113.25,115.5,112.370003,115,50219500
42272,116.440002,116.690002,114.019997,114.709999,56151900
42275,113.849998,114.57,112.440002,112.440002,52109000
42276,112.830002,113.510002,107.860001,109.059998,73365400
42277,110.169998,111.540001,108.730003,110.300003,66473000
42278,109.07,109.620003,107.309998,109.580002,63929100
42279,108.010002,111.010002,107.550003,110.379997,58019800
42282,109.879997,111.370003,109.07,110.779999,52064700
42283,110.629997,111.739998,109.769997,111.309998,48196800
42284,111.739998,111.769997,109.410004,110.779999,46765600
42285,110.190002,110.190002,108.209999,109.5,61979600
42286,110,112.279999,109.489998,112.120003,52766100
42289,112.730003,112.75,111.440002,111.599998,30467200
42290,110.82,112.449997,110.68,111.790001,33049300
42291,111.290001,111.519997,109.559998,110.209999,44462400
42292,110.93,112.099998,110.489998,111.860001,37673500
42293,111.779999,112,110.529999,111.040001,39232600
42296,110.800003,111.75,110.110001,111.730003,29759200
42297,111.339996,114.169998,110.82,113.769997,48778800
42298,114,115.580002,113.699997,113.760002,41795200
42299,114.330002,115.5,114.099998,115.5,41654100
42300,116.699997,119.230003,116.330002,119.080002,59366900
42303,118.080002,118.129997,114.919998,115.279999,66333800
42304,115.400002,116.540001,113.989998,114.550003,69884400
42305,116.93,119.300003,116.059998,119.269997,85551400
42306,118.699997,120.690002,118.269997,120.529999,51227300
42307,120.989998,121.220001,119.449997,119.5,49365300
42310,120.800003,121.360001,119.610001,121.18,32203300
42311,120.790001,123.489998,120.699997,122.57,45519000
42312,123.129997,123.82,121.620003,122,44886100
42313,121.849998,122.690002,120.18,120.919998,39552700
42314,121.110001,121.809998,120.620003,121.059998,33042300
42317,120.959999,121.809998,120.050003,120.57,33871400
42318,116.900002,118.07,116.059998,116.769997,59127900
42319,116.370003,117.419998,115.209999,116.110001,45218000
42320,116.260002,116.82,115.650002,115.720001,32525600
42321,115.199997,115.57,112.269997,112.339996,45812400
42324,111.379997,114.239998,111,114.18,38106700
42325,114.919998,115.050003,113.32,113.690002,27616900
42326,115.760002,117.489998,115.5,117.290001,46674700
42327,117.639999,119.75,116.760002,118.779999,43295800
42328,119.199997,119.919998,118.849998,119.300003,34287100
42331,119.269997,119.730003,117.339996,117.75,32482500
42332,117.330002,119.349998,117.120003,118.879997,42803200
42333,119.209999,119.230003,117.919998,118.029999,21388300
42335,118.290001,118.410004,117.599998,117.809998,13046400
42338,117.989998,119.410004,117.75,118.300003,39180300
42339,118.75,118.809998,116.860001,117.339996,34852400
42340,117.339996,118.110001,116.080002,116.279999,33386600
42341,116.550003,116.790001,114.220001,115.199997,41569500
42342,115.290001,119.25,115.110001,119.029999,57777000
42345,118.980003,119.860001,117.809998,118.279999,32084200
42346,117.519997,118.599998,116.860001,118.230003,34309500
42347,117.639999,117.690002,115.080002,115.620003,46361400
42348,116.040001,116.940002,115.510002,116.169998,29104200
42349,115.190002,115.389999,112.849998,113.18,46886200
42352,112.18,112.68,109.790001,112.480003,64318700
42353,111.940002,112.800003,110.349998,110.489998,53323100
42354,111.07,111.989998,108.800003,111.339996,56238500
42355,112.019997,112.25,108.980003,108.980003,44772800
42356,108.910004,109.519997,105.809998,106.029999,96453300
42359,107.279999,107.370003,105.57,107.330002,47590600
42360,107.400002,107.720001,106.449997,107.230003,32789400
42361,107.269997,108.849998,107.199997,108.610001,32657400
42362,109,109,107.949997,108.029999,13570400
42366,107.589996,107.690002,106.18,106.82,26704200
42367,106.959999,109.43,106.860001,108.739998,30931200
42368,108.580002,108.699997,107.18,107.32,25213800
42369,107.010002,107.029999,104.82,105.260002,40635300
42373,102.610001,105.370003,102,105.349998,67649400
42374,105.75,105.849998,102.410004,102.709999,55791000
42375,100.559998,102.370003,99.870003,100.699997,68457400
42376,98.68,100.129997,96.43,96.449997,81094400
42377,98.550003,99.110001,96.760002,96.959999,70798000
42380,98.970001,99.059998,97.339996,98.529999,49739400
42381,100.550003,100.690002,98.839996,99.959999,49154200
42382,100.32,101.190002,97.300003,97.389999,62439600
42383,97.959999,100.480003,95.739998,99.519997,63170100
42384,96.199997,97.709999,95.360001,97.129997,79010000
42388,98.410004,98.650002,95.5,96.660004,53087700
42389,95.099998,98.190002,93.419998,96.790001,72334400
42390,97.059998,97.879997,94.940002,96.300003,52161500
42391,98.629997,101.459999,98.370003,101.419998,65800500
42394,101.519997,101.529999,99.209999,99.440002,51794500
42395,99.93,100.879997,98.07,99.989998,75077000
42396,96.040001,96.629997,93.339996,93.419998,133369700
42397,93.790001,94.519997,92.389999,94.089996,55678800
42398,94.790001,97.339996,94.349998,97.339996,64416500
42401,96.470001,96.709999,95.400002,96.43,40943500
42402,95.419998,96.040001,94.279999,94.480003,37357200
42403,95,96.839996,94.080002,96.349998,45964300
42404,95.860001,97.330002,95.190002,96.599998,46471700
42405,96.519997,96.919998,93.690002,94.019997,46418100
42408,93.129997,95.699997,93.040001,95.010002,54021400
42409,94.290001,95.940002,93.93,94.989998,44331200
42410,95.919998,96.349998,94.099998,94.269997,42343600
42411,93.790001,94.720001,92.589996,93.699997,50074700
42412,94.190002,94.5,93.010002,93.989998,40351400
42416,95.019997,96.849998,94.610001,96.639999,49057900
42417,96.669998,98.209999,96.150002,98.120003,44863200
42418,98.839996,98.889999,96.089996,96.260002,39021000
42419,96,96.760002,95.800003,96.040001,35374200
42422,96.309998,96.900002,95.919998,96.879997,34280800
42423,96.400002,96.5,94.550003,94.690002,31942600
42424,93.980003,96.379997,93.32,96.099998,36255700
42425,96.050003,96.760002,95.25,96.760002,27582700
42426,97.199997,98.019997,96.580002,96.910004,28991100
42429,96.860001,98.230003,96.650002,96.690002,35216300
42430,97.650002,100.769997,97.419998,100.529999,50407100
42431,100.510002,100.889999,99.639999,100.75,33169600
42432,100.580002,101.709999,100.449997,101.5,36955700
42433,102.370003,103.75,101.370003,103.010002,46055100
42436,102.389999,102.830002,100.959999,101.870003,35828900
42437,100.779999,101.760002,100.400002,101.029999,31561900
42438,101.309998,101.580002,100.269997,101.120003,27201700
42439,101.410004,102.239998,100.150002,101.169998,33513600
42440,102.239998,102.279999,101.5,102.260002,27408200
42443,101.910004,102.910004,101.779999,102.519997,25076100
42444,103.959999,105.18,103.849998,104.580002,40067700
42445,104.610001,106.309998,104.589996,105.970001,38303500
42446,105.519997,106.470001,104.959999,105.800003,34420700
42447,106.339996,106.5,105.190002,105.919998,44205200
42450,105.93,107.650002,105.139999,105.910004,35502700
42451,105.25,107.290001,105.209999,106.720001,32444400
42452,106.480003,107.07,105.900002,106.129997,25703500
42453,105.470001,106.25,104.889999,105.669998,26133000
42457,106,106.190002,105.059998,105.190002,19411400
42458,104.889999,107.790001,104.879997,107.68,31190100
42459,108.650002,110.419998,108.599998,109.559998,45601100
42460,109.720001,109.900002,108.879997,108.989998,25888400
42461,108.779999,110,108.199997,109.989998,25874000
42464,110.419998,112.190002,110.269997,111.120003,37356200
42465,109.510002,110.730003,109.419998,109.809998,26578700
42466,110.230003,110.980003,109.199997,110.959999,26404100
42467,109.949997,110.419998,108.120003,108.540001,31801900
42468,108.910004,109.769997,108.169998,108.660004,23581700
42471,108.970001,110.610001,108.830002,109.019997,29407500
42472,109.339996,110.5,108.660004,110.440002,27232300
42473,110.800003,112.339996,110.800003,112.040001,33257300
42474,111.620003,112.389999,111.330002,112.099998,25473900
42475,112.110001,112.300003,109.730003,109.849998,46939000
42478,108.889999,108.949997,106.940002,107.480003,60834000
42479,107.879997,108,106.230003,106.910004,32384900
42480,106.639999,108.089996,106.059998,107.129997,30611000
42481,106.93,106.93,105.519997,105.970001,31552500
42482,105.010002,106.480003,104.620003,105.68,33683100
42485,105,105.650002,104.510002,105.080002,28031600
42486,103.910004,105.300003,103.910004,104.349998,56016200
42487,96,98.709999,95.68,97.82,114602100
42488,97.610001,97.879997,94.25,94.830002,82242700
42489,93.989998,94.720001,92.510002,93.739998,68531500
42492,93.970001,94.080002,92.400002,93.639999,48160100
42493,94.199997,95.739998,93.68,95.18,56831300
42494,95.199997,95.900002,93.82,94.190002,41025500
42495,94,94.07,92.68,93.239998,35890500
42496,93.370003,93.449997,91.849998,92.720001,43458200
42499,93,93.769997,92.589996,92.790001,32936400
42500,93.330002,93.57,92.110001,93.419998,33686800
42501,93.480003,93.57,92.459999,92.510002,28719100
42502,92.720001,92.779999,89.470001,90.339996,76314700
42503,90,91.669998,90,90.519997,44392800
42506,92.389999,94.389999,91.650002,93.879997,61259800
42507,94.550003,94.699997,93.010002,93.489998,46916900
42508,94.160004,95.209999,93.889999,94.559998,42062400
42509,94.639999,94.639999,93.57,94.199997,30442100
42510,94.639999,95.43,94.519997,95.220001,32026000
42513,95.870003,97.190002,95.669998,96.43,38018600
42514,97.220001,98.089996,96.839996,97.900002,35140200
42515,98.669998,99.739998,98.110001,99.620003,38168800
42516,99.68,100.730003,98.639999,100.410004,56331200
42517,99.440002,100.470001,99.25,100.349998,36229500
42521,99.599998,100.400002,98.82,99.860001,42307200
42522,99.019997,99.540001,98.330002,98.459999,29173300
42523,97.599998,97.839996,96.629997,97.720001,40191600
42524,97.790001,98.269997,97.449997,97.919998,28062900
42527,97.989998,101.889999,97.550003,98.629997,23292500
42528,99.25,99.870003,98.959999,99.029999,22409500
42529,99.019997,99.559998,98.68,98.940002,20848100
42530,98.5,99.989998,98.459999,99.650002,26601400
42531,98.529999,99.349998,98.480003,98.830002,31712900
42534,98.690002,99.120003,97.099998,97.339996,38020500
42535,97.32,98.480003,96.75,97.459999,31931900
42536,97.82,98.410004,97.029999,97.139999,29445200
42537,96.449997,97.75,96.07,97.550003,31326800
42538,96.620003,96.650002,95.300003,95.330002,61008200
42541,96,96.57,95.029999,95.099998,34411900
42542,94.940002,96.349998,94.68,95.910004,35546400
42543,96.25,96.889999,95.349998,95.550003,29219100
42544,95.940002,96.290001,95.25,96.099998,32240200
42545,92.910004,94.660004,92.650002,93.400002,75311400
42548,93,93.050003,91.5,92.040001,45489600
42549,92.900002,93.660004,92.139999,93.589996,40444900
42550,93.970001,94.550003,93.629997,94.400002,36531000
42551,94.440002,95.769997,94.300003,95.599998,35836400
42552,95.489998,96.470001,95.330002,95.889999,26026500
42556,95.389999,95.400002,94.459999,94.989998,27705200
42557,94.599998,95.660004,94.370003,95.529999,30949100
42558,95.699997,96.5,95.620003,95.940002,25139600
42559,96.489998,96.889999,96.050003,96.68,28912100
42562,96.75,97.650002,96.730003,96.980003,23794900
42563,97.169998,97.699997,97.120003,97.419998,24167500
42564,97.410004,97.669998,96.839996,96.870003,25892200
42565,97.389999,98.989998,97.32,98.790001,38919000
42566,98.919998,99.300003,98.5,98.779999,30137000
42569,98.699997,100.129997,98.599998,99.830002,36493900
42570,99.559998,100,99.339996,99.870003,23779900
42571,100,100.459999,99.739998,99.959999,26276000
42572,99.830002,101,99.129997,99.43,32702000
42573,99.260002,99.300003,98.309998,98.660004,28313700
42576,98.25,98.839996,96.919998,97.339996,40382900
42577,96.82,97.970001,96.419998,96.669998,56239800
42578,104.269997,104.349998,102.75,102.949997,92344800
42579,102.830002,104.449997,102.82,104.339996,39869800
42580,104.190002,104.550003,103.68,104.209999,27733700
42583,104.410004,106.150002,104.410004,106.050003,38167900
42584,106.050003,106.07,104,104.480003,33816600
42585,104.809998,105.839996,104.769997,105.790001,30202600
42586,105.580002,106,105.279999,105.870003,27408700
42587,106.269997,107.650002,106.18,107.480003,40553400
42590,107.519997,108.370003,107.160004,108.370003,28037200
42591,108.230003,108.940002,108.010002,108.809998,26315200
42592,108.709999,108.900002,107.760002,108,24008500
42593,108.519997,108.93,107.849998,107.93,27484500
42594,107.779999,108.440002,107.779999,108.18,18660400
42597,108.139999,109.540001,108.080002,109.480003,25868200
42598,109.629997,110.230003,109.209999,109.379997,33794400
42599,109.099998,109.370003,108.339996,109.220001,25356000
42600,109.230003,109.599998,109.019997,109.080002,21984700
42601,108.769997,109.690002,108.360001,109.360001,25368100
42604,108.860001,109.099998,107.849998,108.510002,25820200
42605,108.589996,109.32,108.529999,108.849998,21257700
42606,108.57,108.75,107.68,108.029999,23675100
42607,107.389999,107.879997,106.68,107.57,25086200
42608,107.410004,107.949997,106.309998,106.940002,27766300
42611,106.620003,107.440002,106.290001,106.82,24970300
42612,105.800003,106.5,105.5,106,24863900
42613,105.660004,106.57,105.639999,106.099998,29662400
42614,106.139999,106.800003,105.620003,106.730003,26701500
42615,107.699997,108,106.82,107.730003,26802500
42619,107.900002,108.300003,107.510002,107.699997,26880400
42620,107.830002,108.760002,107.07,108.360001,42364300
42621,107.25,107.269997,105.239998,105.519997,53002000
42622,104.639999,105.720001,103.129997,103.129997,46557000
42625,102.650002,105.720001,102.529999,105.440002,45292800
42626,107.510002,108.790001,107.239998,107.949997,62176200
42627,108.730003,113.029999,108.599998,111.769997,110888700
42628,113.860001,115.730003,113.489998,115.57,89983600
42629,115.120003,116.129997,114.040001,114.919998,79886900
42632,115.190002,116.18,113.25,113.580002,47023000
42633,113.050003,114.120003,112.510002,113.57,34514300
42634,113.849998,113.989998,112.440002,113.550003,36003200
42635,114.349998,114.940002,114,114.620003,31074000
42636,114.419998,114.790001,111.550003,112.709999,52481200
42639,111.639999,113.389999,111.550003,112.879997,29869400
42640,113,113.18,112.339996,113.089996,24607400
42641,113.690002,114.639999,113.43,113.949997,29641100
42642,113.160004,113.800003,111.800003,112.18,35887000
42643,112.459999,113.370003,111.800003,113.050003,36379100
42646,112.709999,113.050003,112.279999,112.519997,21701800
42647,113.059998,114.309998,112.629997,113,29736800
42648,113.400002,113.660004,112.690002,113.050003,21453100
42649,113.699997,114.339996,113.129997,113.889999,28779300
42650,114.309998,114.559998,113.510002,114.059998,24358400
42653,115.019997,116.75,114.720001,116.050003,36236000
42654,117.699997,118.690002,116.199997,116.300003,64041000
42655,117.349998,117.980003,116.75,117.339996,37586800
42656,116.790001,117.440002,115.720001,116.980003,35192400
42657,117.879997,118.169998,117.129997,117.629997,35652200
42660,117.330002,117.839996,116.779999,117.550003,23624900
42661,118.18,118.209999,117.449997,117.470001,24553500
42662,117.25,117.760002,113.800003,117.120003,20034600
42663,116.860001,117.379997,116.330002,117.059998,24125800
42664,116.809998,116.910004,116.279999,116.599998,23192700
42667,117.099998,117.739998,117,117.650002,23538700
42668,117.949997,118.360001,117.309998,118.25,48129000
42669,114.309998,115.699997,113.309998,115.589996,66134200
42670,115.389999,115.860001,114.099998,114.480003,34562000
42671,113.870003,115.209999,113.449997,113.720001,37861700
42674,113.650002,114.230003,113.199997,113.540001,26419400
42675,113.459999,113.769997,110.529999,111.489998,43825800
42676,111.400002,112.349998,111.230003,111.589996,28331700
42677,110.980003,111.459999,109.550003,109.830002,26932600
42678,108.529999,110.25,108.110001,108.839996,30837000
42681,110.080002,110.510002,109.459999,110.410004,32560000
42682,110.309998,111.720001,109.699997,111.059998,24054500
42683,109.879997,111.32,108.050003,110.879997,59176400
42684,111.089996,111.089996,105.830002,107.790001,57134500
42685,107.120003,108.870003,106.550003,108.43,34094100
42688,107.709999,107.809998,104.080002,105.709999,51175500
42689,106.57,107.68,106.160004,107.110001,32264500
42690,106.699997,110.230003,106.599998,109.989998,58840500
42691,109.809998,110.349998,108.830002,109.949997,27632000
42692,109.720001,110.540001,109.660004,110.059998,28428900
42695,110.120003,111.989998,110.010002,111.730003,29264600
42696,111.949997,112.419998,111.400002,111.800003,25965500
42697,111.360001,111.510002,110.330002,111.230003,27426400
42699,111.129997,111.870003,110.949997,111.790001,11475900
42702,111.43,112.470001,111.389999,111.57,27194000
42703,110.779999,112.029999,110.07,111.459999,28528800
42704,111.599998,112.199997,110.269997,110.519997,36162300
42705,110.370003,110.940002,109.029999,109.489998,37086900
42706,109.169998,110.089996,108.849998,109.900002,26528000
42709,110,110.029999,108.25,109.110001,34324500
42710,109.5,110.360001,109.190002,109.949997,26195500
42711,109.260002,111.190002,109.160004,111.029999,29998700
42712,110.860001,112.43,110.599998,112.120003,27068300
42713,112.309998,114.699997,112.309998,113.949997,34402600
42716,113.290001,115,112.489998,113.300003,26374400
42717,113.839996,115.919998,113.75,115.190002,43733800
42718,115.040001,116.199997,114.980003,115.190002,34031800
42719,115.379997,116.730003,115.230003,115.82,46524500
42720,116.470001,116.5,115.650002,115.970001,44351100
42723,115.800003,117.379997,115.75,116.639999,27779400
42724,116.739998,117.5,116.68,116.949997,21425000
42725,116.800003,117.400002,116.779999,117.059998,23783200
42726,116.349998,116.510002,115.639999,116.290001,26085900
42727,115.589996,116.519997,115.589996,116.519997,14181200
42731,116.519997,117.800003,116.489998,117.260002,18296900
42732,117.519997,118.019997,116.199997,116.760002,20905900
42733,116.449997,117.110001,116.400002,116.730003,15039500
42734,116.650002,117.199997,115.43,115.82,30586300
42738,115.800003,116.330002,114.760002,116.150002,28781900
42739,115.849998,116.510002,115.75,116.019997,21118100
42740,115.919998,116.860001,115.809998,116.610001,22193600
42741,116.779999,118.160004,116.470001,117.910004,31751900
42744,117.949997,119.43,117.940002,118.989998,33561900
42745,118.769997,119.379997,118.300003,119.110001,24462100
42746,118.739998,119.93,118.599998,119.75,27588600
42747,118.900002,119.300003,118.209999,119.25,27086200
42748,119.110001,119.620003,118.809998,119.040001,26111900
42752,118.339996,120.239998,118.220001,120,34439800
42753,120,120.5,119.709999,119.989998,23713000
42754,119.400002,120.089996,119.370003,119.779999,25597300
42755,120.449997,120.449997,119.730003,120,32597900
42758,120,120.809998,119.769997,120.080002,22050200
42759,119.550003,120.099998,119.5,119.970001,23211000
42760,120.419998,122.099998,120.279999,121.879997,32377600
42761,121.669998,122.440002,121.599998,121.940002,26337600
42762,122.139999,122.349998,121.599998,121.949997,20562900
42765,120.93,121.629997,120.660004,121.629997,30377500
42766,121.150002,121.389999,120.620003,121.349998,49201000
42767,127.029999,130.490005,127.010002,128.75,111985000
42768,127.980003,129.389999,127.779999,128.529999,33710400
42769,128.309998,129.190002,128.160004,129.080002,24507300
42772,129.130005,130.5,128.899994,130.289993,26845900
42773,130.539993,132.089996,130.449997,131.529999,38183800
42774,131.350006,132.220001,131.220001,132.039993,23004100
42775,131.649994,132.449997,131.119995,132.419998,28349900
42776,132.460007,132.940002,132.050003,132.119995,20065500
42779,133.080002,133.820007,132.75,133.289993,23035400
42780,133.470001,135.089996,133.25,135.020004,33226200
42781,135.520004,136.270004,134.619995,135.509995,35623100
42782,135.669998,135.899994,134.839996,135.350006,22584600
42783,135.100006,135.830002,135.100006,135.720001,22198200
42787,136.229996,136.75,135.979996,136.699997,24507200
42788,136.429993,137.119995,136.110001,137.110001,20836900
42789,137.380005,137.479996,136.300003,136.529999,20788200
42790,135.910004,136.660004,135.279999,136.660004,21776600
42793,137.139999,137.440002,136.279999,136.929993,20257400
42794,137.080002,137.440002,136.699997,136.990005,23482900
42795,137.889999,140.149994,137.600006,139.789993,36414600
42796,140,140.279999,138.759995,138.960007,26211000
42797,138.779999,139.830002,138.589996,139.779999,21108100
42800,139.369995,139.770004,138.600006,139.339996,21750000
42801,139.059998,139.979996,138.789993,139.520004,17446300
42802,138.949997,139.800003,138.820007,139,18707200
42803,138.740005,138.789993,137.050003,138.679993,22155900
42804,139.25,139.360001,138.639999,139.139999,19612800
42807,138.850006,139.429993,138.820007,139.199997,17421700
42808,139.300003,139.649994,138.839996,138.990005,15309100
42809,139.410004,140.75,139.029999,140.460007,25691800
42810,140.720001,141.020004,140.259995,140.690002,19232000
42811,141,141,139.889999,139.990005,43885000
42814,140.399994,141.5,140.229996,141.460007,21542000
42815,142.110001,142.800003,139.729996,139.839996,39529900
42816,139.850006,141.600006,139.759995,141.419998,25860200
42817,141.259995,141.580002,140.610001,140.919998,20346300
42818,141.5,141.740005,140.350006,140.639999,22395600
42821,139.389999,141.220001,138.619995,140.880005,23575100
42822,140.910004,144.039993,140.619995,143.800003,33374800
42823,143.679993,144.490005,143.190002,144.119995,29190000
42824,144.190002,144.5,143.5,143.929993,21207300
42825,143.720001,144.270004,143.009995,143.660004,19661700
42828,143.710007,144.119995,143.050003,143.699997,19985700
42829,143.25,144.889999,143.169998,144.770004,19891400
42830,144.220001,145.460007,143.809998,144.020004,27717900
42831,144.289993,144.520004,143.449997,143.660004,21149000
42832,143.729996,144.179993,143.270004,143.339996,16672200
42835,143.600006,143.880005,142.899994,143.169998,18933400
42836,142.940002,143.350006,140.059998,141.630005,30379400
42837,141.600006,142.149994,141.009995,141.800003,20350000
42838,141.910004,142.380005,141.050003,141.050003,17822900
42842,141.479996,141.880005,140.869995,141.830002,16582100
42843,141.410004,142.039993,141.110001,141.199997,14697500
42844,141.880005,142,140.449997,140.679993,17328400
42845,141.220001,142.919998,141.160004,142.440002,23319600
42846,142.440002,142.679993,141.850006,142.270004,17320900
42849,143.5,143.949997,143.179993,143.639999,17134300
42850,143.910004,144.899994,143.869995,144.529999,18871500
42851,144.470001,144.600006,143.380005,143.679993,20041200
42852,143.919998,144.160004,143.309998,143.789993,14246300
42853,144.089996,144.300003,143.270004,143.649994,20860400
42856,145.100006,147.199997,144.960007,146.580002,33602900
42857,147.539993,148.089996,146.839996,147.509995,45352200
42858,145.589996,147.490005,144.270004,147.059998,45697000
42859,146.520004,147.139999,145.809998,146.529999,23371900
42860,146.759995,148.979996,146.759995,148.960007,27327700
42863,149.029999,153.699997,149.029999,153.009995,48752400
42864,153.869995,154.880005,153.449997,153.990005,39130400
42865,153.630005,153.940002,152.110001,153.259995,25805700
42866,152.449997,154.070007,152.309998,153.949997,27255100
42867,154.699997,156.419998,154.669998,156.100006,32527000
42870,156.009995,156.649994,155.050003,155.699997,26009700
42871,155.940002,156.059998,154.720001,155.470001,20048500
42872,153.600006,154.570007,149.710007,150.25,50767700
42873,151.270004,153.339996,151.130005,152.539993,33568200
42874,153.380005,153.979996,152.630005,153.059998,26960800
42877,154,154.580002,152.910004,153.990005,22966400
42878,154.899994,154.899994,153.309998,153.800003,19918900
42879,153.839996,154.169998,152.669998,153.339996,19178000
42880,153.729996,154.350006,153.029999,153.869995,19235600
42881,154,154.240005,153.309998,153.610001,21701100
42885,153.419998,154.429993,153.330002,153.669998,20126900
42886,153.970001,154.169998,152.380005,152.759995,24451200
42887,153.169998,153.330002,152.220001,153.179993,16404100
42888,153.580002,155.449997,152.889999,155.449997,27770700
42891,154.339996,154.449997,153.460007,153.929993,25331700
42892,153.899994,155.809998,153.779999,154.449997,26624900
42893,155.020004,155.979996,154.479996,155.369995,21069600
42894,155.25,155.539993,154.399994,154.990005,21250800
42895,155.190002,155.190002,146.020004,148.979996,64882700
42898,145.740005,146.089996,142.509995,145.419998,72307300
42899,147.160004,147.449997,145.149994,146.589996,34165400
42900,147.5,147.5,143.839996,145.160004,31531200
42901,143.320007,144.479996,142.210007,144.289993,32165400
42902,143.779999,144.5,142.199997,142.270004,50361100
42905,143.660004,146.740005,143.660004,146.339996,32541400
42906,146.869995,146.869995,144.940002,145.009995,24900100
42907,145.520004,146.070007,144.610001,145.869995,21265800
42908,145.770004,146.699997,145.119995,145.630005,19106300
42909,145.130005,147.160004,145.110001,146.279999,35439400
42912,147.169998,148.279999,145.380005,145.820007,25692400
42913,145.009995,146.160004,143.619995,143.729996,24761900
42914,144.490005,146.110001,143.160004,145.830002,22082400
42915,144.710007,145.130005,142.279999,143.679993,31499400
42916,144.449997,144.960007,143.779999,144.020004,23024100
42919,144.880005,145.300003,143.100006,143.5,14258300
42921,143.690002,144.789993,142.720001,144.089996,21569600
42922,143.020004,143.5,142.410004,142.729996,24128800
42923,142.899994,144.75,142.899994,144.179993,19201700
42926,144.110001,145.949997,143.369995,145.059998,21090600
42927,144.729996,145.850006,144.380005,145.529999,19781800
42928,145.869995,146.179993,144.820007,145.740005,24884500
42929,145.5,148.490005,145.440002,147.770004,25199400
42930,147.970001,149.330002,147.330002,149.039993,20132100
42933,148.820007,150.899994,148.570007,149.559998,23793500
42934,149.199997,150.130005,148.669998,150.080002,17868800
42935,150.479996,151.419998,149.949997,151.020004,20923000
42936,151.5,151.740005,150.190002,150.339996,17243700
42937,149.990005,150.440002,148.880005,150.270004,26252600
42940,150.580002,152.440002,149.899994,152.089996,21493200
42941,151.800003,153.839996,151.800003,152.740005,18853900
42942,153.350006,153.929993,153.059998,153.460007,15781000
42943,153.75,153.990005,147.300003,150.559998,32476300
42944,149.889999,150.229996,149.190002,149.5,17213700
42947,149.899994,150.330002,148.130005,148.729996,19845900
42948,149.100006,150.220001,148.410004,150.050003,35368600
42949,159.279999,159.75,156.160004,157.139999,69936800
42950,157.050003,157.210007,155.020004,155.570007,27097300
42951,156.070007,157.399994,155.690002,156.389999,20559900
42954,157.059998,158.919998,156.669998,158.809998,21870300
42955,158.600006,161.830002,158.270004,160.080002,36205900
42956,159.259995,161.270004,159.110001,161.059998,26131500
42957,159.899994,160,154.630005,155.320007,40804300
42958,156.600006,158.570007,156.070007,157.479996,26257100
42961,159.320007,160.210007,158.75,159.850006,22122700
42962,160.660004,162.199997,160.139999,161.600006,29465500
42963,161.940002,162.509995,160.149994,160.949997,27671600
42964,160.520004,160.710007,157.839996,157.860001,27940600
42965,157.860001,159.5,156.720001,157.5,27428100
42968,157.5,157.889999,155.110001,157.210007,26368500
42969,158.229996,160,158.020004,159.779999,21604600
42970,159.070007,160.470001,158.880005,159.979996,19399100
42971,160.429993,160.740005,158.550003,159.270004,19818900
42972,159.649994,160.559998,159.270004,159.860001,25480100
42975,160.139999,162,159.929993,161.470001,25966000
42976,160.100006,163.119995,160,162.910004,29516900
42977,163.800003,163.889999,162.610001,163.350006,27269600
42978,163.639999,164.520004,163.479996,164,26785100
42979,164.800003,164.940002,163.630005,164.050003,16591100
42983,163.75,164.25,160.559998,162.080002,29468500
42984,162.710007,162.990005,160.520004,161.910004,21651700
42985,162.089996,162.240005,160.360001,161.259995,21928500
42986,160.860001,161.149994,158.529999,158.630005,28611500
42989,160.5,162.050003,159.889999,161.5,31085900
42990,162.610001,163.960007,158.770004,160.860001,71714000
